,Unnamed: 0,PRN,Epoch_Time_of_Clock,SV_Clock_Bias,SV_Clock_Drift,SV_Clock_Drift_Rate,IODE,Crs,Del_n,M0,Cuc,e,Cus,sqrt_A,Toe,Cic,OMEGA,Cis,i0,Crc,omega,OMEGA_dot,I_dot,Codes,GPS_week,L2_P_Data_flag,SV_accuracy,SV_health,Tgd,IODC,T_Tx,Fit_Interval
0,22,15,2017-11-01 04:00:00,-0.0003569591790440001,-2.27373675443e-13,0,25,57.625,5.03770984084e-09,-1.13141247754,3.0547380447400007e-06,0.00983064563479,1.04308128357e-05,5153.64414024,273600,2.1234154701199998e-07,3.02211866783,-1.67638063431e-08,0.929180720107,156.78125,0.625188719014,-8.29820279631e-09,3.04298389535e-10,1,1973,0,0,0,-1.07102096081e-08,25,268866,0
1,27,15,2017-11-01 06:00:00,-0.0003569605760280001,-2.27373675443e-13,0,26,52.3125,5.08128308441e-09,-0.0812285380547,2.88151204586e-06,0.00982977391686,1.09635293484e-05,5153.6425724,280800,8.381903171539999e-08,3.02205843657,9.685754776e-08,0.929182228375,151.03125,0.625207597972,-8.43106547343e-09,2.78225874939e-10,1,1973,0,0,0,-1.07102096081e-08,26,273606,0
2,39,15,2017-11-01 08:00:00,-0.000356961973011,-2.27373675443e-13,0,67,62.90625,4.97485007962e-09,0.968797371168,3.49432229996e-06,0.0098319244571,1.1932104826e-05,5153.64772987,288000,-7.264316082e-08,3.02199867636,8.94069671631e-08,0.929184048245,132.8125,0.625384137074,-8.35499087605e-09,1.68578450541e-10,1,1973,0,0,0,-1.07102096081e-08,67,280806,0
3,53,15,2017-11-01 10:00:00,-0.00035696336999500004,-2.27373675443e-13,0,72,67.4375,4.99806533234e-09,2.01899560483,3.4458935260800005e-06,0.00983266439289,1.25169754028e-05,5153.64786911,295200,-1.63912773132e-07,3.02193827394,-9.31322574615e-09,0.929185613568,122.71875,0.6253853249629999,-8.2803449096e-09,2.27866634417e-10,1,1973,0,1,0,-1.07102096081e-08,72,288006,0
4,165,15,2017-11-02 04:00:00,-0.00035697594285,-2.27373675443e-13,0,80,52.75,4.93949146393e-09,-1.09602380309,2.80328094959e-06,0.00983836047817,1.16247683764e-05,5153.64648438,360000,2.2910535335500003e-07,3.02140595755,3.72529029846e-09,0.92919805276,134.34375,0.6258426931350001,-8.2396289279e-09,1.61792453591e-10,1,1973,0,0,0,-1.07102096081e-08,80,354726,0
5,172,15,2017-11-02 06:00:00,-0.000356977339834,-2.27373675443e-13,0,81,45.09375,4.98163607657e-09,-0.0458246507235,2.50153243542e-06,0.00983745127451,1.20978802443e-05,5153.64501381,367200,9.126961231230001e-08,3.02134614761,1.17346644402e-07,0.929198575022,129.53125,0.625844020001,-8.36463413487e-09,1.36077096729e-10,1,1973,0,0,0,-1.07102096081e-08,81,360006,0
6,182,15,2017-11-02 08:00:00,-0.00035697873681800004,-2.27373675443e-13,0,82,54.71875,4.857702342800001e-09,1.00415831454,3.08081507683e-06,0.00983977655414,1.32899731398e-05,5153.65086746,374400,-1.04308128357e-07,3.0212871159400003,8.56816768646e-08,0.929199286,106.9375,0.626061138988,-8.27284459718e-09,-6.78599694973e-12,1,1973,0,0,0,-1.07102096081e-08,82,367206,0
7,195,15,2017-11-02 10:00:00,-0.000356980133802,-2.27373675443e-13,0,91,58.4375,4.87413159857e-09,2.05433260608,2.9858201742200003e-06,0.0098407396581,1.40331685543e-05,5153.65135956,381600,-1.76951289177e-07,3.02122733964,-3.1664967536900005e-08,0.929199546399,93.03125,0.6260830622779999,-8.19819863074e-09,4.21446126351e-11,1,1973,0,1,0,-1.07102096081e-08,91,374406,0
8,316,15,2017-11-03 04:00:00,-0.00035699270665599987,-2.27373675443e-13,0,39,40.84375,4.888417907940001e-09,-1.06087525202,2.18115746975e-06,0.0098477632273,1.23754143715e-05,5153.64755821,446400,2.44006514549e-07,3.0206995348900003,3.35276126862e-08,0.929198967084,120.28125,0.626710398124,-8.19641284207e-09,-4.10731394325e-11,1,1973,0,0,0,-1.07102096081e-08,39,440886,0
9,322,15,2017-11-03 06:00:00,-0.00035699363797900003,-2.27373675443e-13,0,40,31.625,4.92877673191e-09,-0.0106546357169,1.7918646335599998e-06,0.00984697847161,1.27200037241e-05,5153.64648056,453600,9.126961231230001e-08,3.02064001022,1.43423676491e-07,0.929198035205,117.71875,0.626688992706,-8.32034657583e-09,-6.643133856050001e-11,1,1973,0,0,0,-1.07102096081e-08,40,446406,0
10,333,15,2017-11-03 08:00:00,-0.00035699503496300014,-2.27373675443e-13,0,44,37.65625,4.80627162908e-09,1.03932357067,2.20164656639e-06,0.00984900083859,1.39512121677e-05,5153.6519165,460800,-1.50874257088e-07,3.02058160175,7.07805156708e-08,0.92919717062,94.6875,0.62690967975,-8.212842097840001e-09,-2.5429630674799995e-10,1,1973,0,0,0,-1.07102096081e-08,44,453606,0
11,347,15,2017-11-03 10:00:00,-0.000356996431947,-2.27373675443e-13,0,83,39.40625,4.82055793844e-09,2.0894743326400005,2.00234353542e-06,0.00985002692323,1.47521495819e-05,5153.65275955,468000,-1.88127160072e-07,3.0205223126,-6.70552253723e-08,0.929195554096,79.125,0.6269538628019999,-8.14319633967e-09,-2.2358074160699997e-10,1,1973,0,1,0,-1.07102096081e-08,83,460806,0
12,469,15,2017-11-04 04:00:00,-0.000357009004802,-2.27373675443e-13,0,85,23.78125,4.90770442559e-09,-1.02580185983,1.28895044327e-06,0.00985692220274,1.24275684357e-05,5153.64699936,532800,2.4959444999699996e-07,3.01999639941,6.70552253723e-08,0.929178693965,119.375,0.627646750544,-8.18534095231e-09,-2.6393956557100003e-10,1,1973,0,0,0,-1.07102096081e-08,85,527046,0
13,479,15,2017-11-04 06:00:00,-0.000357010401785,-2.27373675443e-13,0,86,14.5625,4.94484882994e-09,0.0244424147875,8.88481736183e-07,0.0098564500222,1.25952064991e-05,5153.64661789,540000,7.82310962677e-08,3.01993689521,1.65775418282e-07,0.929176145562,120.09375,0.627601928197,-8.31570352529e-09,-2.86797660559e-10,1,1973,0,0,0,-1.07102096081e-08,86,532806,0
14,490,15,2017-11-04 08:00:00,-0.000357011798769,-2.27373675443e-13,0,87,15.53125,4.85127350359e-09,1.0744670849200002,1.04866921902e-06,0.00985770300031,1.36103481054e-05,5153.65040207,547200,-1.88127160072e-07,3.0198787208099995,4.47034835815e-08,0.929173586918,101.84375,0.6277765801340001,-8.202127365809999e-09,-5.09664086698e-10,1,1973,0,0,0,-1.07102096081e-08,87,540006,0
15,620,15,2017-11-05 04:00:00,-0.000357024837285,-2.27373675443e-13,0,140,5.5,5.00413701382e-09,-0.99055451936,3.40864062309e-07,0.00986400083639,1.1695548892000003e-05,5153.64482498,14400,2.44006514549e-07,2.89887677417,9.87201929092e-08,0.929138273539,133.34375,0.628426463936,-8.21819946385e-09,-4.4894727188400003e-10,1,1974,0,0,0,-1.07102096081e-08,140,8406,0
16,630,15,2017-11-05 06:00:00,-0.000357026234269,-2.27373675443e-13,0,141,-1.78125,5.03556689443e-09,0.0597094636874,2.04890966415e-08,0.00986398919486,1.16694718599e-05,5153.64533806,21600,5.7741999626199995e-08,2.8988169598400004,1.73225998878e-07,0.929134376325,137.65625,0.6283637691189999,-8.35713382245e-09,-4.67162316328e-10,1,1974,0,0,0,-1.07102096081e-08,141,14406,0
17,640,15,2017-11-05 08:00:00,-0.000357027631253,-2.27373675443e-13,0,142,-5.0,4.990922177660001e-09,1.10981687208,-3.53902578354e-08,0.00986431795172,1.22953206301e-05,5153.64685631,28800,-1.9371509552e-07,2.89875844166,2.23517417908e-08,0.929130477648,127.78125,0.6284576972370001,-8.25498671047e-09,-6.921716888719998e-10,1,1974,0,0,0,-1.07102096081e-08,142,21606,0
18,768,15,2017-11-06 04:00:00,-0.000357039272785,-1.1368683772199998e-13,0,69,-9.0,5.15985778593e-09,-0.954944929655,-3.9674341678600004e-07,0.00986847584136,1.03283673525e-05,5153.64149475,100800,2.27242708206e-07,2.89816649965,1.17346644402e-07,0.92908500284,159.34375,0.628881083284,-8.29320258803e-09,-5.432369137120001e-10,1,1974,0,0,0,-1.07102096081e-08,69,94566,0
19,775,15,2017-11-06 06:00:00,-0.000357040204108,-1.1368683772199998e-13,0,94,-12.8125,5.18164440772e-09,0.095329100714,-5.64381480217e-07,0.00986896606628,1.01514160633e-05,5153.64289665,108000,3.53902578354e-08,2.89810608552,1.63912773132e-07,0.929080434146,166.46875,0.628811404496,-8.43713715491e-09,-5.546659612069999e-10,1,1974,0,0,0,-1.07102096081e-08,94,100806,0
20,787,15,2017-11-06 08:00:00,-0.000357041601092,-1.1368683772199998e-13,0,95,-17.1875,5.18450166959e-09,1.14551537502,-6.910413503649999e-07,0.00986867782194,1.04121863842e-05,5153.64265823,115200,-1.6205012798299998e-07,2.89804669397,2.23517417908e-08,0.929075957617,164.4375,0.6288294788490001,-8.358919611130001e-09,-7.43245244862e-10,1,1974,0,0,0,-1.07102096081e-08,95,108006,0
21,916,15,2017-11-07 04:00:00,-0.00035705184564,-1.1368683772199998e-13,0,9,-15.46875,5.33450791795e-09,-0.918970305316,-7.059425115590001e-07,0.00987152347807,8.69855284691e-06,5153.63792801,187200,2.06753611565e-07,2.89744735546,1.22934579849e-07,0.929030324813,190.4375,0.6290153733120001,-8.394992542280001e-09,-5.17164399116e-10,1,1974,0,0,0,-1.07102096081e-08,9,181056,0
22,925,15,2017-11-07 06:00:00,-0.000357053242624,-1.1368683772199998e-13,0,10,-15.21875,5.34379401904e-09,0.131301786686,-6.910413503649999e-07,0.00987242767587,8.45268368721e-06,5153.63999557,194400,2.23517417908e-08,2.89738620109,1.43423676491e-07,0.92902599165,198.78125,0.628951085377,-8.53356974315e-09,-5.228789228630002e-10,1,1974,0,0,0,-1.07102096081e-08,10,187206,0
23,938,15,2017-11-07 08:00:00,-0.000357054173946,-1.1368683772199998e-13,0,11,-17.40625,5.3695093759e-09,1.18152247028,-7.28294253349e-07,0.00987213186454,8.57189297676e-06,5153.63940048,201600,-1.17346644402e-07,2.89732571089,4.47034835815e-08,0.929021854518,200.03125,0.628937753805,-8.47928176755e-09,-6.54312969047e-10,1,1974,0,0,0,-1.07102096081e-08,11,194406,0
24,1067,15,2017-11-08 04:00:00,-0.00035706721246199995,-1.1368683772199998e-13,0,46,-12.03125,5.48165690444e-09,-0.882810510658,-4.954636096949999e-07,0.00987517542671,7.2754919529e-06,5153.6351757,273600,1.89989805222e-07,2.89671909435,1.17346644402e-07,0.928985572687,217.8125,0.629002438191,-8.49785396973e-09,-3.78944355982e-10,1,1974,0,0,0,-1.07102096081e-08,46,267216,0
25,1076,15,2017-11-08 06:00:00,-0.00035706860944599995,-1.1368683772199998e-13,0,47,-8.375,5.47558522296e-09,0.167450167657,-3.27825546265e-07,0.00987631676253,7.0389360189399995e-06,5153.63755798,280800,2.421438694e-08,2.8966572685100003,1.32247805595e-07,0.928982323545,225.78125,0.6289523903,-8.61678749521e-09,-3.8430172199499996e-10,1,1974,0,0,0,-1.07102096081e-08,47,273606,0
26,1088,15,2017-11-08 08:00:00,-0.000357069540769,-1.1368683772199998e-13,0,55,-6.6875,5.49237163647e-09,1.21764662972,-1.89989805222e-07,0.00987656507641,7.297843694689999e-06,5153.63808441,288000,-8.381903171539999e-08,2.89659585814,7.82310962677e-08,0.928979285065,224.5,0.628965313718,-8.57750014445e-09,-4.6644800086e-10,1,1974,0,0,0,-1.07102096081e-08,55,280806,0
27,1217,15,2017-11-09 04:00:00,-0.00035708071664,-1.1368683772199998e-13,0,25,0.0625,5.5638031833099995e-09,-0.8467076176620001,1.6205012798299998e-07,0.0098809376359,6.44847750664e-06,5153.63410187,360000,1.84401869774e-07,2.8959841052900006,1.11758708954e-07,0.928958324374,234.03125,0.629066177531,-8.57642867125e-09,-1.7107855468e-10,1,1974,0,0,0,-1.07102096081e-08,25,353046,0
28,1227,15,2017-11-09 06:00:00,-0.0003570821136240001,-1.1368683772199998e-13,0,26,5.75,5.54130224605e-09,0.203538102316,4.19095158577e-07,0.00988212984521,6.27152621746e-06,5153.63647842,367200,3.35276126862e-08,2.89592185959,1.37835741043e-07,0.928956691758,240.5625,0.629032426548,-8.66428947386e-09,-1.8215044444e-10,1,1974,0,0,0,-1.07102096081e-08,26,360006,0
29,1239,15,2017-11-09 08:00:00,-0.000357083044946,-1.1368683772199998e-13,0,67,10.59375,5.52737309442e-09,1.25367015649,6.98491930962e-07,0.00988312845584,6.8452209234199995e-06,5153.63888741,374400,-7.450580596919999e-08,2.89585999864,1.0617077350599999e-07,0.928955130824,233.0625,0.629110212828,-8.62678791177e-09,-2.44653047924e-10,1,1974,0,0,0,-1.07102096081e-08,67,367206,0
30,1366,15,2017-11-10 04:00:00,-0.00035709608346199995,-1.1368683772199998e-13,0,79,17.1875,5.56487465651e-09,-0.810827724584,1.06915831566e-06,0.00988897087518,6.40749931335e-06,5153.63502884,446400,1.8626451492300001e-07,2.8952463615599995,1.15483999252e-07,0.928950670387,235.28125,0.6293506419520001,-8.61357307561e-09,4.75019786481e-11,1,1974,0,0,0,-1.07102096081e-08,79,439506,0
31,1371,15,2017-11-10 06:00:00,-0.000357097014785,-1.1368683772199998e-13,0,80,23.34375,5.52665877895e-09,0.239405759548,1.34482979774e-06,0.00989008729812,6.29015266895e-06,5153.63720894,453600,4.28408384323e-08,2.89518404417,1.65775418282e-07,0.928950734755,240.375,0.629328594313,-8.66428947386e-09,2.46438836595e-11,1,1974,0,0,0,-1.07102096081e-08,80,446406,0
32,1383,15,2017-11-10 08:00:00,-0.000357098411769,-1.1368683772199998e-13,0,81,29.0625,5.47987111577e-09,1.28946868791,1.65402889252e-06,0.00989165366627,7.17863440514e-06,5153.64128494,460800,-8.94069671631e-08,2.89512227831,1.17346644402e-07,0.928950591389,226.53125,0.6294743360639999,-8.620359072560001e-09,-5.107355599e-11,1,1974,0,0,0,-1.07102096081e-08,81,453606,0
33,1504,15,2017-11-11 02:00:00,-0.00035710819065599985,-1.1368683772199998e-13,0,38,32.34375,5.4645133332e-09,-1.82538053582,1.40257179737e-06,0.009898117627020002,7.1749091148399995e-06,5153.63820648,525600,9.87201929092e-08,2.89457017741,-1.35973095894e-07,0.928958274635,219.46875,0.629836209332,-8.37784897104e-09,3.53943314588e-10,1,1974,0,0,0,-1.07102096081e-08,38,525366,0
34,1510,15,2017-11-11 04:00:00,-0.0003571091219780001,-1.1368683772199998e-13,0,39,34.53125,5.491657321e-09,-0.7751995909289999,1.97440385818e-06,0.00989825592842,7.113441824910001e-06,5153.637744899999,532800,1.88127160072e-07,2.89451011731,1.28522515297e-07,0.928959534208,222.1875,0.629864527037,-8.604644132250001e-09,2.20366321999e-10,1,1974,0,0,0,-1.07102096081e-08,39,525606,0
35,1521,15,2017-11-11 06:00:00,-0.000357110053301,-1.1368683772199998e-13,0,40,40.09375,5.43986944954e-09,0.275028139546,2.22399830818e-06,0.00989925710019,7.01658427715e-06,5153.63970375,540000,4.28408384323e-08,2.89444807203,2.0489096641500002e-07,0.928960954701,226.5625,0.629845969921,-8.61928759935e-09,1.83221917643e-10,1,1974,0,0,0,-1.07102096081e-08,40,532806,0
36,1535,15,2017-11-11 08:00:00,-0.000357111450285,-1.1368683772199998e-13,0,44,44.21875,5.3752238996500004e-09,1.32504809615,2.4400651454900003e-06,0.00990098109469,8.07270407677e-06,5153.64453697,547200,-1.13621354103e-07,2.89438682989,1.11758708954e-07,0.928961819286,209.34375,0.630032253521,-8.56821404336e-09,7.4645966447e-11,1,1974,0,0,0,-1.07102096081e-08,44,540006,0
37,1652,15,2017-11-12 02:00:00,-0.000357122626156,-1.1368683772199998e-13,0,83,44.0625,5.32879339421e-09,-1.78990009545,2.01538205147e-06,0.00990718218964,8.38935375214e-06,5153.6423111,7200,1.17346644402e-07,2.7734232907,-1.32247805595e-07,0.928976609387,195.78125,0.630465748332,-8.31820362943e-09,4.4144695946599997e-10,1,1975,0,0,0,-1.07102096081e-08,83,3156,0
38,1661,15,2017-11-12 04:00:00,-0.000357124023139,-1.1368683772199998e-13,0,84,47.8125,5.3691522181699996e-09,-0.739739912291,2.6561319828e-06,0.00990733131766,8.33906233311e-06,5153.64155579,14400,1.8626451492300001e-07,2.77336361096,1.43423676491e-07,0.928978436572,199.0625,0.630511572778,-8.55785646907e-09,3.0929859781400005e-10,1,1975,0,0,0,-1.07102096081e-08,84,7206,0
39,1668,15,2017-11-12 06:00:00,-0.00035712495446199995,-1.1368683772199998e-13,0,85,52.375,5.30664961469e-09,0.31048875884,2.8610229492200002e-06,0.00990825076587,8.214265108110001e-06,5153.64338303,21600,3.1664967536900005e-08,2.77330209087,2.38418579102e-07,0.928980579747,203.71875,0.63048868835,-8.54214152877e-09,2.58225041824e-10,1,1975,0,0,0,-1.07102096081e-08,85,14406,0
40,1680,15,2017-11-12 08:00:00,-0.000357125885785,-1.1368683772199998e-13,0,86,53.4375,5.24486132667e-09,1.3605053112399998,2.9187649488400007e-06,0.00990971690044,9.234994649889999e-06,5153.64789391,28800,-1.35973095894e-07,2.77324158604,9.49949026108e-08,0.928981846634,187.09375,0.630675315736,-8.4882107109e-09,1.1571910588e-10,1,1975,0,0,0,-1.07102096081e-08,86,21606,0
41,1805,15,2017-11-13 02:00:00,-0.00035713519901,-1.1368683772199998e-13,0,138,48.5625,5.17700135717e-09,-1.75446237667,2.2575259208700002e-06,0.00991492206231,9.77516174316e-06,5153.64668274,93600,1.28522515297e-07,2.772698545,-1.26659870148e-07,0.928997783664,168.78125,0.6310981458739999,-8.24141471657e-09,4.2716065009900013e-10,1,1975,0,0,0,-1.07102096081e-08,138,92886,0
42,1810,15,2017-11-13 04:00:00,-0.000357136130333,-1.1368683772199998e-13,0,139,54.0,5.22914638636e-09,-0.7043245951809999,2.96346843243e-06,0.00991505186539,9.75281000137e-06,5153.64560318,100800,1.73225998878e-07,2.77263935972,1.54599547386e-07,0.928999474797,172.125,0.631162841963,-8.4882107109e-09,2.9965533899099997e-10,1,1975,0,0,0,-1.07102096081e-08,139,93606,0
43,1820,15,2017-11-13 06:00:00,-0.00035713706165599985,-1.1368683772199998e-13,0,140,57.8125,5.1595006282e-09,0.345908954782,3.14228236675e-06,0.00991595862433,9.56282019615e-06,5153.64743042,108000,1.3038516044600002e-08,2.7725784906200004,2.58907675743e-07,0.929001604806,177.875,0.631131371669,-8.450709148810001e-09,2.38224208709e-10,1,1975,0,0,0,-1.07102096081e-08,140,100806,0
44,1833,15,2017-11-13 08:00:00,-0.0003571379929780001,-1.1368683772199998e-13,0,141,55.78125,5.11807033103e-09,1.39595650056,3.03611159325e-06,0.00991691020317,1.03879719973e-05,5153.65082359,115200,-1.49011611938e-07,2.77251872018,7.63684511185e-08,0.929002636163,165.125,0.631283967191,-8.39999275056e-09,7.6431755118e-11,1,1975,0,0,0,-1.07102096081e-08,141,108006,0
45,1957,15,2017-11-14 02:00:00,-0.0003571491688490001,-1.1368683772199998e-13,0,68,45.3125,5.0427100491099994e-09,-1.71897758558,2.10106372833e-06,0.00992093619425,1.09896063805e-05,5153.65040016,180000,1.28522515297e-07,2.77198123091,-1.24797224998e-07,0.929014181512,145.0625,0.631646077452,-8.16426864599e-09,3.22513433979e-10,1,1975,0,0,0,-1.07102096081e-08,68,179046,0
46,1968,15,2017-11-14 04:00:00,-0.000357150100172,-1.1368683772199998e-13,0,69,52.125,5.10449833713e-09,-0.668857733615,2.8498470783200003e-06,0.00992101884913,1.10138207674e-05,5153.64905357,187200,1.52736902237e-07,2.77192253864,1.5646219253499998e-07,0.929015103151,148.0,0.631725649955,-8.41427905993e-09,2.0000833115000002e-10,1,1975,0,0,0,-1.07102096081e-08,69,180006,0
47,1979,15,2017-11-14 06:00:00,-0.0003571510314940001,-1.1368683772199998e-13,0,94,55.875,5.03020952842e-09,0.381380560591,3.03611159325e-06,0.00992197997402,1.07511878014e-05,5153.65098953,194400,-7.45058059692e-09,2.77186230299,2.55182385445e-07,0.929016552903,154.96875,0.63168620822,-8.36320550394e-09,1.32862677121e-10,1,1975,0,0,0,-1.07102096081e-08,94,187206,0
48,1991,15,2017-11-14 08:00:00,-0.00035715242847800005,-1.1368683772199998e-13,0,95,51.65625,5.01770900772e-09,1.4314764002200002,2.81445682049e-06,0.00992237846367,1.13174319267e-05,5153.65299225,201600,-1.49011611938e-07,2.77180310308,6.33299350739e-08,0.929016816228,147.5,0.631788044874,-8.31963226036e-09,-2.6072514596300006e-11,1,1975,0,0,0,-1.07102096081e-08,95,194406,0
49,2108,15,2017-11-15 02:00:00,-0.000357162207365,-1.1368683772199998e-13,0,9,35.5625,4.95199198463e-09,-1.68341966176,1.60932540894e-06,0.00992555473931,1.17681920528e-05,5153.65278625,266400,1.210719347e-07,2.7712704721599994,-1.32247805595e-07,0.929019894208,129.84375,0.632092211875,-8.10319467344e-09,1.5572077210899995e-10,1,1975,0,0,0,-1.07102096081e-08,9,265206,0
50,2114,15,2017-11-15 04:00:00,-0.000357163138688,-1.1368683772199998e-13,0,10,43.03125,5.02056626959e-09,-0.63330877455,2.36369669437e-06,0.00992557918653,1.18501484394e-05,5153.65130234,273600,1.32247805595e-07,2.77121215586,1.4528632164e-07,0.929019607476,132.0,0.632178737628,-8.35320508738e-09,3.8215877559e-11,1,1975,0,0,0,-1.07102096081e-08,10,266406,0
51,2122,15,2017-11-15 06:00:00,-0.00035716407001,-1.1368683772199998e-13,0,98,47.40625,4.9437773567400004e-09,0.4169305319960001,2.59466469288e-06,0.00992663495708,1.15409493446e-05,5153.65340614,280800,-2.23517417908e-08,2.77115242638,2.36555933952e-07,0.929019913226,139.71875,0.6321361447680001,-8.2949883767e-09,-3.0715565140900004e-11,1,1975,0,0,0,-1.07102096081e-08,98,273606,0
52,2135,15,2017-11-15 08:00:00,-0.000357165466994,-1.1368683772199998e-13,0,146,42.46875,4.95663503517e-09,1.4670720000400002,2.32458114624e-06,0.009926623548379998,1.18799507618e-05,5153.65424347,288000,-1.43423676491e-07,2.77109354977,5.960464477540001e-08,0.929019066196,136.875,0.632190819868,-8.25855828782e-09,-1.66435504135e-10,1,1975,0,1,0,-1.07102096081e-08,146,280806,0
53,2257,15,2017-11-16 02:00:00,-0.00035717431455900003,-1.1368683772199998e-13,0,43,21.71875,4.91949063082e-09,-1.64782373132,9.108334779739999e-07,0.00992954790127,1.19656324387e-05,5153.65353775,352800,1.15483999252e-07,2.77056425724,-1.4528632164e-07,0.929011502909,125.875,0.6324842797720001,-8.069264688689999e-09,-3.5715773419599996e-11,1,1975,0,0,0,-1.07102096081e-08,43,347796,0
54,2266,15,2017-11-16 04:00:00,-0.000357175245881,-1.1368683772199998e-13,0,46,29.0625,4.99020786219e-09,-0.597711378267,1.63167715073e-06,0.00992952252273,1.21053308249e-05,5153.65207481,360000,1.15483999252e-07,2.77050612087,1.28522515297e-07,0.929009841035,127.1875,0.632568652109,-8.317846471690001e-09,-1.47863301957e-10,1,1975,0,0,0,-1.07102096081e-08,46,352806,0
55,2279,15,2017-11-16 06:00:00,-0.000357176177204,-1.1368683772199998e-13,0,47,34.5625,4.911990318399999e-09,0.45252341664,1.92783772945e-06,0.00993067654781,1.17942690849e-05,5153.65433884,367200,-2.9802322387700004e-08,2.77044670153,2.1047890186300002e-07,0.929008819918,134.78125,0.632529813097,-8.25427239501e-09,-2.1750906012499997e-10,1,1975,0,0,0,-1.07102096081e-08,47,360006,0
56,2291,15,2017-11-16 08:00:00,-0.000357177574188,-1.1368683772199998e-13,0,97,30.03125,4.94056293713e-09,1.50269279863,1.66334211826e-06,0.0099304880714,1.20121985674e-05,5153.654562,374400,-1.34110450745e-07,2.77038789807,6.33299350739e-08,0.929006746963,134.5,0.63255610905,-8.2228425144e-09,-3.19299014371e-10,1,1975,0,1,0,-1.07102096081e-08,97,367206,0
57,2410,15,2017-11-17 02:00:00,-0.000357186421752,-1.1368683772199998e-13,0,25,6.78125,4.94663461862e-09,-1.61225992071,1.58324837685e-07,0.00993373070378,1.15763396025e-05,5153.65274429,439200,1.15483999252e-07,2.76985998068,-1.58324837685e-07,0.928988403433,133.28125,0.632906283361,-8.06783605776e-09,-2.1429464051799997e-10,1,1975,0,0,0,-1.07102096081e-08,25,437526,0
58,2413,15,2017-11-17 04:00:00,-0.000357187353075,-1.1368683772199998e-13,0,26,13.34375,5.0169946922499996e-09,-0.56213752765,8.15838575363e-07,0.00993367470801,1.17626041174e-05,5153.65143394,446400,1.04308128357e-07,2.7698017916500004,1.0989606380499999e-07,0.928985468819,133.90625,0.632981230118,-8.313560578880001e-09,-3.21084803042e-10,1,1975,0,0,0,-1.07102096081e-08,26,439206,0
59,2423,15,2017-11-17 06:00:00,-0.000357188284397,-1.1368683772199998e-13,0,55,20.0625,4.936991359790001e-09,0.488087743659,1.17532908916e-06,0.00993489671964,1.15018337965e-05,5153.65379906,453600,-3.35276126862e-08,2.76974246301,1.8626451492300001e-07,0.928983211537,140.375,0.6329525203499999,-8.24498629392e-09,-3.91802034413e-10,1,1975,0,0,0,-1.07102096081e-08,55,446406,0
60,2440,15,2017-11-17 08:00:00,-0.00035718921572,-1.1368683772199998e-13,0,96,16.4375,4.96877839814e-09,1.53826148514,9.406358003620001e-07,0.00993475329597,1.1719763279e-05,5153.65402603,460800,-1.30385160446e-07,2.76968351472,7.264316082e-08,0.928980015061,140.28125,0.632975021493,-8.21462788651e-09,-4.5787621523900005e-10,1,1975,0,1,0,-1.07102096081e-08,96,453606,0
61,2564,15,2017-11-18 02:00:00,-0.00035719759762300004,-1.1368683772199998e-13,0,77,-6.46875,5.0223520582699995e-09,-1.5767942982299998,-5.06639480591e-07,0.00993859791197,1.07102096081e-05,5153.65081596,525600,1.22934579849e-07,2.76915496388,-1.65775418282e-07,0.92895258681,149.9375,0.6334368106030001,-8.097122991959999e-09,-3.48585948575e-10,1,1975,0,0,0,-1.07102096081e-08,77,520086,0
62,2568,15,2017-11-18 04:00:00,-0.000357198528945,-1.1368683772199998e-13,0,78,-1.0,5.08985487003e-09,-0.526657381325,7.264316082e-08,0.00993853015825,1.09300017357e-05,5153.64972496,532800,1.00582838058e-07,2.76909650421,9.685754776e-08,0.928948708614,150.09375,0.6334988573470001,-8.33891877801e-09,-4.4894727188400003e-10,1,1975,0,0,0,-1.07102096081e-08,78,525606,0
63,2579,15,2017-11-18 06:00:00,-0.00035719946026800003,-1.1368683772199998e-13,0,79,6.59375,5.00770859116e-09,0.523555689247,4.786998033520001e-07,0.00993976544123,1.07549130917e-05,5153.65209961,540000,-3.53902578354e-08,2.7690370687800003,1.71363353729e-07,0.928945535545,154.71875,0.633483999951,-8.26320133836e-09,-5.239503960659999e-10,1,1975,0,0,0,-1.07102096081e-08,79,532806,0
64,2592,15,2017-11-18 08:00:00,-0.00035720039159099987,-1.1368683772199998e-13,0,80,3.75,5.034138263490001e-09,1.5737139062399998,2.64495611191e-07,0.009939806535840002,1.10659748316e-05,5153.65279388,547200,-1.34110450745e-07,2.76897782791,8.00937414169e-08,0.928941493502,152.90625,0.633523405113,-8.23177145775e-09,-5.62166273625e-10,1,1975,0,1,0,-1.07102096081e-08,80,540006,0
65,2717,15,2017-11-19 02:00:00,-0.00035720970481600004,-1.1368683772199998e-13,0,39,-15.9375,5.12842790532e-09,-1.54145897787,-9.760260581969999e-07,0.00994415895548,9.55350697041e-06,5153.648332600002,7200,1.37835741043e-07,2.64803165795,-1.6205012798299998e-07,0.928907980975,172.21875,0.634117360093,-8.14998233662e-09,-4.20374653149e-10,1,1976,0,0,0,-1.07102096081e-08,39,2436,0
66,2721,15,2017-11-19 04:00:00,-0.000357210636139,-1.1368683772199998e-13,0,40,-11.53125,5.1927162974799995e-09,-0.491307613186,-4.7124922275500004e-07,0.00994408898987,9.79378819466e-06,5153.64744949,14400,9.87201929092e-08,2.64797276233,9.313225746150001e-08,0.928903621479,172.09375,0.6341671475840001,-8.38677791439e-09,-5.1323566404e-10,1,1976,0,0,0,-1.07102096081e-08,40,7206,0
67,2734,15,2017-11-19 06:00:00,-0.000357212033123,-1.1368683772199998e-13,0,81,-3.6875,5.10806991447e-09,0.55889368236,-5.21540641785e-08,0.00994527142029,9.71928238869e-06,5153.64972305,21600,-4.0978193283099994e-08,2.64791307673,1.6763806343099998e-07,0.928899986127,174.65625,0.634166310795,-8.30248868912e-09,-5.95739100639e-10,1,1976,0,0,0,-1.07102096081e-08,81,14406,0
68,2755,15,2017-11-19 08:00:00,-0.000357212964445,-1.1368683772199998e-13,0,82,-6.28125,5.125213485710001e-09,1.60902648847,-2.7380883693699997e-07,0.00994552962948,1.01625919342e-05,5153.65107727,28800,-1.4156103134200002e-07,2.64785345697,8.381903171539999e-08,0.92889549058,170.34375,0.634233024248,-8.26855870437e-09,-6.182400378930002e-10,1,1976,0,1,0,-1.07102096081e-08,82,21756,0
69,2870,15,2017-11-20 02:00:00,-0.00035722088068699994,-1.1368683772199998e-13,0,83,-20.53125,5.24378985347e-09,-1.5062382610499998,-1.19209289551e-06,0.0099499799544,8.312985301019997e-06,5153.64591217,93600,1.54599547386e-07,2.64731893011,-1.4714896678900002e-07,0.92885966079,196.03125,0.634936932152,-8.21605651745e-09,-4.24303388225e-10,1,1976,0,0,0,-1.07102096081e-08,83,91236,0
70,2875,15,2017-11-20 04:00:00,-0.00035722181201,-1.1368683772199998e-13,0,84,-16.9375,5.30522098375e-09,-0.456075944959,-7.46920704842e-07,0.00994990486652,8.57561826706e-06,5153.64517212,100800,9.87201929092e-08,2.64725950638,9.685754776e-08,0.928855314461,195.6875,0.634978013817,-8.447851886939999e-09,-5.09306928964e-10,1,1976,0,0,0,-1.07102096081e-08,84,93606,0
71,2890,15,2017-11-20 06:00:00,-0.00035722274333199993,-1.1368683772199998e-13,0,85,-9.53125,5.21914596981e-09,0.5941166052610001,-3.50177288055e-07,0.00995097134728,8.59051942825e-06,5153.64723778,108000,-5.5879354476900004e-08,2.64719949016,1.71363353729e-07,0.928851702516,196.40625,0.6349882425410001,-8.35391940285e-09,-6.02167939855e-10,1,1976,0,0,0,-1.07102096081e-08,85,100806,0
72,2903,15,2017-11-20 08:00:00,-0.000357223674655,-1.1368683772199998e-13,0,91,-12.40625,5.228789228630001e-09,1.64422571502,-6.07222318649e-07,0.00995139079168,9.14372503757e-06,5153.64916801,115200,-1.54599547386e-07,2.64713945786,8.00937414169e-08,0.928847183562,189.96875,0.6350807179810001,-8.317846471690001e-09,-6.18954353362e-10,1,1976,0,0,0,-1.07102096081e-08,91,108006,0
73,3022,15,2017-11-21 02:00:00,-0.000357233453542,-1.1368683772199998e-13,0,92,-20.0,5.34843706959e-09,-1.4710739631299998,-1.1418014764799999e-06,0.00995537918061,7.18981027603e-06,5153.64403534,180000,1.6763806343099998e-07,2.646600769,-1.28522515297e-07,0.928812913243,217.59375,0.635837718107,-8.28427364468e-09,-3.6715815075400003e-10,1,1976,0,0,0,-1.07102096081e-08,92,177396,0
74,3026,15,2017-11-21 04:00:00,-0.000357234384865,-1.1368683772199998e-13,0,93,-16.875,5.407725253459999e-09,-0.42090564761,-7.39470124245e-07,0.00995528534986,7.47479498386e-06,5153.64334869,187200,9.313225746150001e-08,2.64654080545,1.04308128357e-07,0.928809023344,216.9375,0.635874683121,-8.509997332690001e-09,-4.4394706360599993e-10,1,1976,0,0,0,-1.07102096081e-08,93,180006,0
75,3037,15,2017-11-21 06:00:00,-0.000357235316187,-1.1368683772199998e-13,0,138,-10.46875,5.32272171272e-09,0.62928242023,-3.94880771637e-07,0.00995619071182,7.55488872528e-06,5153.64512062,194400,-7.63684511185e-08,2.64648043813,1.73225998878e-07,0.92880586783,216.40625,0.635891354536,-8.40856453618e-09,-5.475228065230002e-10,1,1976,0,0,0,-1.07102096081e-08,138,187206,0
76,3054,15,2017-11-21 08:00:00,-0.00035723624750999994,-1.1368683772199998e-13,0,139,-13.875,5.32986486741e-09,1.67937858756,-7.003545761109999e-07,0.00995667115785,8.160248398780001e-06,5153.64735413,201600,-1.6763806343099998e-07,2.6464200006,6.89178705215e-08,0.928801738012,208.90625,0.635998677132,-8.37249160502e-09,-5.65737850967e-10,1,1976,0,0,0,-1.07102096081e-08,139,194406,0
77,3174,15,2017-11-22 02:00:00,-0.000357245095074,-1.1368683772199998e-13,0,66,-14.875,5.42772608658e-09,-1.43588545976,-8.530914783479998e-07,0.00995968654752,6.33113086224e-06,5153.64301872,266400,1.78813934326e-07,2.64587728286,-1.04308128357e-07,0.928772429911,234.03125,0.636735145203,-8.344990459489999e-09,-2.6465388103900004e-10,1,1976,0,0,0,-1.07102096081e-08,66,263556,0
78,3176,15,2017-11-22 04:00:00,-0.000357246026397,-1.1368683772199998e-13,0,68,-12.0,5.4859427972499994e-09,-0.385715731066,-4.842877388e-07,0.00995955429971,6.64964318275e-06,5153.64229965,273600,8.56816768646e-08,2.64581683655,1.0989606380499999e-07,0.928769332914,232.875,0.636771909797,-8.56428530829e-09,-3.32513850537e-10,1,1976,0,0,0,-1.07102096081e-08,68,266406,0
79,3188,15,2017-11-22 06:00:00,-0.00035724695771900005,-1.1368683772199998e-13,0,69,-6.84375,5.40522514932e-09,0.6644715570390001,-2.03028321266e-07,0.00996028550435,6.7614018917099995e-06,5153.64374924,280800,-9.685754776e-08,2.64575614739,1.6950070858e-07,0.928766957135,231.65625,0.636790664407,-8.45928093443e-09,-4.4501853680800006e-10,1,1976,0,0,0,-1.07102096081e-08,69,273606,0
80,3203,15,2017-11-22 08:00:00,-0.000357247889042,-1.1368683772199998e-13,0,94,-10.59375,5.41486840815e-09,1.71456960568,-5.43892383575e-07,0.0099607296288,7.351860404010001e-06,5153.645946500002,288000,-1.78813934326e-07,2.64569533681,5.40167093277e-08,0.928763560239,224.5,0.636897549591,-8.42320800328e-09,-4.6501936992300003e-10,1,1976,0,0,0,-1.07102096081e-08,94,280806,0
81,3324,15,2017-11-23 02:00:00,-0.00035725394263900004,-1.1368683772199998e-13,0,10,-6.21875,5.47272796109e-09,-1.40059561275,-3.79979610443e-07,0.00996248750016,5.83752989769e-06,5153.64301109,352800,1.82539224625e-07,2.6451493041,-8.56816768646e-08,0.928741811036,243.4375,0.637544849879,-8.39142096494e-09,-1.35719938995e-10,1,1976,0,0,0,-1.07102096081e-08,10,346056,0
82,3332,15,2017-11-23 04:00:00,-0.000357254873961,-1.1368683772199998e-13,0,98,-3.5625,5.52987319856e-09,-0.350427531296,-4.28408384323e-08,0.00996229506563,6.19515776634e-06,5153.64219666,360000,7.63684511185e-08,2.6450884876700003,1.11758708954e-07,0.928739698582,241.625,0.637583625986,-8.602501185850001e-09,-1.9500812287099998e-10,1,1976,0,0,0,-1.07102096081e-08,98,352806,0
83,3341,15,2017-11-23 06:00:00,-0.000357255805284,-1.1368683772199998e-13,0,141,0.5625,5.45558438985e-09,0.699760337587,1.88127160072e-07,0.00996288331226,6.32368028164e-06,5153.64337921,367200,-1.0989606380499999e-07,2.64502754397,1.5646219253499998e-07,0.928738285403,240.125,0.637602265025,-8.49928260066e-09,-3.1179870195299995e-10,1,1976,0,0,0,-1.07102096081e-08,141,360006,0
84,3356,15,2017-11-23 08:00:00,-0.000357256736606,-1.1368683772199998e-13,0,151,-3.03125,5.4723708033500005e-09,1.7498738346400002,-1.6205012798299998e-07,0.00996323232539,6.8433582782699994e-06,5153.64525032,374400,-1.82539224625e-07,2.6449664174,3.72529029846e-08,0.928735868663,234.21875,0.6376944376420001,-8.46356682724e-09,-3.29299430929e-10,1,1976,0,1,0,-1.07102096081e-08,151,367206,0
85,3471,15,2017-11-24 02:00:00,-0.000357264187187,-1.1368683772199998e-13,0,43,4.65625,5.479513958039999e-09,-1.36515241974,2.08616256714e-07,0.00996378611308,5.75743615627e-06,5153.64398766,439200,1.84401869774e-07,2.64441819616,-6.89178705215e-08,0.928723177848,244.9375,0.6382054890550001,-8.41856495274e-09,-7.14315468392e-13,1,1976,0,0,0,-1.07102096081e-08,43,435876,0
86,3475,15,2017-11-24 04:00:00,-0.00035726511850999994,-1.1368683772199998e-13,0,46,6.96875,5.53487340684e-09,-0.31498705931,5.06639480591e-07,0.00996351195499,6.16163015366e-06,5153.64304733,446400,6.70552253723e-08,2.64435715152,1.0989606380499999e-07,0.928722099678,242.3125,0.63824646539,-8.62000191482e-09,-5.2859344660999997e-11,1,1976,0,0,0,-1.07102096081e-08,46,439206,0
87,3486,15,2017-11-24 06:00:00,-0.000357266049832,-1.1368683772199998e-13,0,47,10.59375,5.46844206828e-09,0.735199027739,7.152557373050002e-07,0.00996403757017,6.3069164753e-06,5153.64412117,453600,-1.13621354103e-07,2.64429604982,1.37835741043e-07,0.928721685672,240.5,0.638266472258,-8.52428364206e-09,-1.67149819604e-10,1,1976,0,0,0,-1.07102096081e-08,47,446406,0
88,3502,15,2017-11-24 08:00:00,-0.00035726651549300003,-1.1368683772199998e-13,0,95,7.875,5.4927287942e-09,1.7853360675299998,3.91155481339e-07,0.00996428960934,6.7353248596199995e-06,5153.645504,460800,-1.80676579475e-07,2.64423469211,2.421438694e-08,0.928720364657,236.15625,0.638334936824,-8.48642492223e-09,-1.7536444749e-10,1,1976,0,1,0,-1.07102096081e-08,95,453606,0
89,3612,15,2017-11-25 00:00:00,-0.0003572735004130001,-1.1368683772199998e-13,0,24,13.90625,5.52058709747e-09,-2.37970254798,4.2095780372600004e-07,0.00996388099156,6.56396150589e-06,5153.64680672,518400,1.13621354103e-07,2.64374634518,-1.58324837685e-07,0.928716078307,235.71875,0.638648704956,-8.39142096494e-09,1.1071889760100001e-10,1,1976,0,0,0,-1.07102096081e-08,24,518376,0
90,3622,15,2017-11-25 02:00:00,-0.000357273966074,-1.1368683772199998e-13,0,25,16.3125,5.44808407743e-09,-1.32954849737,8.34465026855e-07,0.0099640317494,6.09457492828e-06,5153.64581108,525600,1.84401869774e-07,2.64368588863,-5.960464477540001e-08,0.928716999945,238.53125,0.6386992282949999,-8.424279476479999e-09,1.19647840956e-10,1,1976,0,0,0,-1.07102096081e-08,25,518436,0
91,3629,15,2017-11-25 04:00:00,-0.00035727489739699995,-1.1368683772199998e-13,0,26,17.875,5.50130057982e-09,-0.279384986078,1.07660889626e-06,0.00996365700848,6.54719769955e-06,5153.64473724,532800,6.14672899246e-08,2.64362477815,1.02445483208e-07,0.928716856579,234.96875,0.638740709337,-8.61535886428e-09,7.4645966447e-11,1,1976,0,0,0,-1.07102096081e-08,26,525606,0
92,3641,15,2017-11-25 06:00:00,-0.00035727582871900005,-1.1368683772199998e-13,0,55,21.8125,5.44058376501e-09,0.77079250779,1.30571424961e-06,0.00996424397454,6.7353248596199995e-06,5153.64596367,540000,-1.04308128357e-07,2.6435636442700003,1.19209289551e-07,0.928717336416,232.25,0.638768077609,-8.52964100807e-09,-3.2858511546e-11,1,1976,0,0,0,-1.07102096081e-08,55,532806,0
93,3654,15,2017-11-25 08:00:00,-0.00035727629437999994,-1.1368683772199998e-13,0,97,20.53125,5.46987069921e-09,1.82095322199,1.0412186384200002e-06,0.00996445410419,7.10040330887e-06,5153.64686775,547200,-1.75088644028e-07,2.64350217245,1.4901161193799999e-08,0.928717076017,228.90625,0.6388116915850001,-8.4871392377e-09,-2.50010413937e-11,1,1976,0,1,0,-1.07102096081e-08,97,540006,0
94,3775,15,2017-11-26 02:00:00,-0.000357282347977,-1.1368683772199998e-13,0,77,27.15625,5.38343852754e-09,-1.29382740405,1.41561031342e-06,0.00996409694199,6.81541860104e-06,5153.64828873,7200,1.8626451492300001e-07,2.52253917747,-5.21540641785e-08,0.928721924127,224.875,0.639058857447,-8.40927885165e-09,2.067943281e-10,1,1977,0,0,0,-1.07102096081e-08,77,3396,0
95,3782,15,2017-11-26 04:00:00,-0.000357282813638,-1.1368683772199998e-13,0,78,27.4375,5.43379776806e-09,-0.243663174464,1.5776604414e-06,0.00996360869613,7.31088221073e-06,5153.64710045,14400,5.960464477540001e-08,2.52247815916,9.49949026108e-08,0.928722478573,220.4375,0.639097592591,-8.588572034209999e-09,1.67506977338e-10,1,1977,0,0,0,-1.07102096081e-08,78,7206,0
96,3793,15,2017-11-26 06:00:00,-0.000357283744961,-1.1368683772199998e-13,0,79,32.53125,5.37308095325e-09,0.806494869909,1.87195837498e-06,0.00996440276504,7.597729563710001e-06,5153.64880753,21600,-8.754432201389999e-08,2.52241714523,1.02445483208e-07,0.928723612335,215.75,0.639142474918,-8.51249743683e-09,6.96457581682e-11,1,1977,0,0,0,-1.07102096081e-08,79,14406,0
97,3806,15,2017-11-26 08:00:00,-0.000357284210622,-1.1368683772199998e-13,0,96,32.96875,5.40201072972e-09,1.85667083503,1.68010592461e-06,0.00996466784272,7.95535743237e-06,5153.64940834,28800,-1.6763806343099998e-07,2.52235571291,1.3038516044600002e-08,0.928724207742,212.0625,0.6391686216529999,-8.46285251178e-09,9.67897459671e-11,1,1977,0,1,0,-1.07102096081e-08,96,21606,0
98,3923,15,2017-11-27 02:00:00,-0.00035728979855800005,-1.1368683772199998e-13,0,39,35.5,5.29307762079e-09,-1.25808014937,1.86450779438e-06,0.00996507855598,7.839873433110001e-06,5153.65112686,93600,1.9185245037100001e-07,2.5218106866900003,-4.842877388e-08,0.928734623719,205.46875,0.639365934192,-8.37570602463e-09,2.43938732456e-10,1,1977,0,0,0,-1.07102096081e-08,39,89556,0
99,3929,15,2017-11-27 04:00:00,-0.00035729072988,-1.1368683772199998e-13,0,40,33.96875,5.3402224416999985e-09,-0.207911194553,1.92038714886e-06,0.0099644769216,8.3651393652e-06,5153.64986801,100800,6.51925802231e-08,2.52174990098,8.94069671631e-08,0.928735513173,200.40625,0.6393974542249999,-8.543213001970001e-09,2.0929443223900002e-10,1,1977,0,0,0,-1.07102096081e-08,40,93606,0
100,3940,15,2017-11-27 06:00:00,-0.000357291195542,-1.1368683772199998e-13,0,80,40.6875,5.27271962994e-09,0.842214889448,2.3078173399e-06,0.009965600329450002,8.817762136460001e-06,5153.65236473,108000,-7.264316082e-08,2.5216891811,9.49949026108e-08,0.928736929278,192.375,0.639471867016,-8.4724957706e-09,1.1643342134799999e-10,1,1977,0,0,0,-1.07102096081e-08,80,100806,0
101,3953,15,2017-11-27 08:00:00,-0.00035729212686400004,-1.1368683772199998e-13,0,81,42.5625,5.29450625172e-09,1.89239080483,2.1755695343e-06,0.00996602943633,9.251758456230001e-06,5153.65295792,115200,-1.63912773132e-07,2.52162797408,1.3038516044600002e-08,0.928737973802,186.625,0.639494963566,-8.41427905993e-09,1.6107813812200001e-10,1,1977,0,1,0,-1.07102096081e-08,81,108006,0
102,4060,15,2017-11-28 00:00:00,-0.0003572977148,-1.1368683772199998e-13,0,54,44.4375,5.25629037416e-09,-2.27265794871,1.96695327759e-06,0.00996772386134,9.41194593906e-06,5153.65344048,172800,5.21540641785e-08,2.52114603181,-1.02445483208e-07,0.928748101583,180.21875,0.639766754728,-8.24498629392e-09,3.035840740670001e-10,1,1977,0,0,0,-1.07102096081e-08,54,172026,0
103,4070,15,2017-11-28 02:00:00,-0.000357298180461,-1.1368683772199998e-13,0,82,39.75,5.19021619334e-09,-1.22242601381,2.0936131477400003e-06,0.00996799778659,9.04314219952e-06,5153.65395355,180000,2.03028321266e-07,2.52108703378,-4.0978193283099994e-08,0.928749862937,182.71875,0.639733087131,-8.32820404598e-09,2.17151902391e-10,1,1977,0,0,0,-1.07102096081e-08,82,172986,0
104,4073,15,2017-11-28 04:00:00,-0.000357298646122,-1.1368683772199998e-13,0,83,35.90625,5.23378943691e-09,-0.172247165277,2.0228326320599997e-06,0.00996730651241,9.57027077675e-06,5153.65270805,187200,7.450580596919999e-08,2.52102658016,8.94069671631e-08,0.928750614877,177.5625,0.639752081659,-8.48535344903e-09,1.85364864048e-10,1,1977,0,0,0,-1.07102096081e-08,83,180006,0
105,4083,15,2017-11-28 06:00:00,-0.000357299577445,-1.1368683772199998e-13,0,84,43.96875,5.15235747351e-09,0.87783787802,2.49035656452e-06,0.00996879045852,1.02389603853e-05,5153.65613365,194400,-6.89178705215e-08,2.52096633865,9.49949026108e-08,0.928751832025,165.125,0.639864919457,-8.41142179805e-09,8.678932940959999e-11,1,1977,0,0,0,-1.07102096081e-08,84,187206,0
106,4097,15,2017-11-28 08:00:00,-0.000357300043106,-1.1368683772199998e-13,0,85,46.34375,5.1627150478e-09,1.92799582291,2.37673521042e-06,0.00996946322266,1.0821968317e-05,5153.65704727,201600,-1.65775418282e-07,2.5209055412400003,1.3038516044600002e-08,0.92875272733,155.78125,0.639902400881,-8.34677624816e-09,1.40005831805e-10,1,1977,0,1,0,-1.07102096081e-08,85,194406,0
107,4214,15,2017-11-29 02:00:00,-0.00035730656236400004,-1.1368683772199998e-13,0,92,38.375,5.09342644737e-09,-1.18697201422,2.02842056751e-06,0.00997339258902,1.02389603853e-05,5153.656354899998,266400,2.19792127609e-07,2.5203694198,-2.6077032089200004e-08,0.928760760214,160.1875,0.6402653932810001,-8.27570185906e-09,1.18933525487e-10,1,1977,0,0,0,-1.07102096081e-08,92,259476,0
108,4225,15,2017-11-29 04:00:00,-0.000357307028025,-1.1368683772199998e-13,0,93,32.125,5.13414242907e-09,-0.136777497835,1.8235296011e-06,0.0099726729095,1.0721385479e-05,5153.65526009,273600,8.381903171539999e-08,2.52030932751,1.00582838058e-07,0.928760842137,155.75,0.640266339789,-8.42642242289e-09,8.89322758148e-11,1,1977,0,0,0,-1.07102096081e-08,93,266406,0
109,4235,15,2017-11-29 06:00:00,-0.00035730795934800014,-1.1368683772199998e-13,0,99,40.15625,5.03699552537e-09,0.913268440199,2.30595469475e-06,0.00997438514605,1.16061419249e-05,5153.65939331,280800,-8.94069671631e-08,2.5202496989700003,9.49949026108e-08,0.928761311734,139.09375,0.640415899756,-8.33963309348e-09,-3.2501353811799994e-11,1,1977,0,0,0,-1.07102096081e-08,99,273606,0
110,4250,15,2017-11-29 08:00:00,-0.000357308425009,-1.1368683772199998e-13,0,138,41.8125,5.0352097367e-09,1.96339487384,2.1476298570599998e-06,0.00997530436143,1.23623758554e-05,5153.66085625,288000,-1.76951289177e-07,2.52018943991,0.0,0.928761339529,125.625,0.640481546742,-8.27320175492e-09,1.6072098038800007e-11,1,1977,0,1,0,-1.07102096081e-08,138,280806,0
