,PRN,Epoch_Time_of_Clock,SV_Clock_Bias,SV_Clock_Drift,SV_Clock_Drift_Rate,IODE,Crs,Del_n,M0,Cuc,e,Cus,sqrt_A,Toe,Cic,OMEGA,Cis,i0,Crc,omega,OMEGA_dot,I_dot,Codes,GPS_week,L2_P_Data_flag,SV_accuracy,SV_health,Tgd,IODC,T_Tx,Fit_Interval
0,02,17 11 02 02 00 00.0,.291451346129D-03,-.954969436862D-11,.000000000000D+00,.200000000000D+02,.347812500000D+02,.504020994498D-08,-.308543819202D+01,.185705721378D-05,.172144249082D-01,.374577939510D-05,.515360868454D+04,.352800000000D+06,.204890966415D-06,.952244867107D+00,-.175088644028D-06,.947759301339D+00,.296906250000D+03,-.194305986488D+01,-.823570019283D-08,.319656172105D-09,.100000000000D+01,.197300000000D+04,.000000000000D+00,.000000000000D+00,.000000000000D+00,-.204890966415D-07,.200000000000D+02,.345606000000D+06,.000000000000D+00
1,30,17 11 02 02 00 00.0,.130825210363D-03,-.250111042988D-11,.000000000000D+00,.220000000000D+02,.445625000000D+02,.544629828876D-08,.214572695894D+01,.234507024288D-05,.302861677483D-02,.228360295296D-05,.515360720444D+04,.352800000000D+06,-.316649675369D-07,-.208146736067D+01,.134110450745D-06,.946231416531D+00,.329281250000D+03,-.305422224708D+01,-.878108005294D-08,.212866009581D-09,.100000000000D+01,.197300000000D+04,.000000000000D+00,.000000000000D+00,.000000000000D+00,.372529029846D-08,.220000000000D+02,.345606000000D+06,.000000000000D+00
2,17,17 11 02 02 00 00.0,-.147268641740D-03,.238742359215D-11,.000000000000D+00,.250000000000D+02,.268437500000D+02,.384766027049D-08,-.131567203328D+01,.148639082909D-05,.120511803543D-01,.116378068924D-04,.515371198273D+04,.352800000000D+06,.931322574615D-07,.527062027392D-02,.284984707832D-06,.981634538756D+00,.169375000000D+03,-.183626488479D+01,-.772032158238D-08,.227509476683D-09,.100000000000D+01,.197300000000D+04,.000000000000D+00,.000000000000D+00,.000000000000D+00,-.111758708954D-07,.250000000000D+02,.345606000000D+06,.000000000000D+00
3,06,17 11 02 02 00 00.0,.407796818763D-03,.193267624127D-11,.000000000000D+00,.230000000000D+02,.258437500000D+02,.467983779117D-08,.304137059514D+01,.147521495819D-05,.596742611378D-03,.420585274696D-05,.515377078247D+04,.352800000000D+06,.111758708954D-07,.100066049935D+01,-.931322574615D-08,.968479170393D+00,.303843750000D+03,-.124465683878D+01,-.828927385296D-08,.264653881039D-09,.100000000000D+01,.197300000000D+04,.000000000000D+00,.000000000000D+00,.000000000000D+00,.465661287308D-08,.230000000000D+02,.345606000000D+06,.000000000000D+00
4,28,17 11 02 01 59 44.0,.659033190459D-03,.318323145621D-11,.000000000000D+00,.380000000000D+02,-.874062500000D+02,.410802825872D-08,-.402478697836D+00,-.457093119621D-05,.199760207906D-01,.860542058945D-05,.515366207886D+04,.352784000000D+06,-.258907675743D-06,-.100627729140D+01,.596046447754D-07,.987411502772D+00,.232031250000D+03,-.155670029479D+01,-.828605943335D-08,-.430375069706D-09,.100000000000D+01,.197300000000D+04,.000000000000D+00,.000000000000D+00,.000000000000D+00,-.111758708954D-07,.380000000000D+02,.345606000000D+06,.000000000000D+00
5,19,17 11 02 02 00 00.0,-.477952882648D-03,.216004991671D-11,.000000000000D+00,.240000000000D+02,.216875000000D+02,.387587573150D-08,.166504129403D+01,.935047864914D-06,.987719628029D-02,.118222087622D-04,.515368940926D+04,.352800000000D+06,-.175088644028D-06,.526904105385D-01,-.173225998878D-06,.978991509532D+00,.167562500000D+03,.108825338644D+01,-.773853662683D-08,.253581991279D-09,.100000000000D+01,.197300000000D+04,.000000000000D+00,.000000000000D+00,.000000000000D+00,-.153668224812D-07,.240000000000D+02,.345606000000D+06,.000000000000D+00
6,24,17 11 02 02 00 00.0,-.416929833591D-04,-.568434188608D-12,.000000000000D+00,.960000000000D+02,.575625000000D+02,.537129516457D-08,.307563829691D+01,.297836959362D-05,.617640558630D-02,.287406146526D-05,.515366656685D+04,.352800000000D+06,-.521540641785D-07,-.217429728675D+01,-.949949026108D-07,.943669955230D+00,.316656250000D+03,.473017472585D+00,-.862107338803D-08,.261439461432D-09,.100000000000D+01,.197300000000D+04,.000000000000D+00,.100000000000D+01,.000000000000D+00,.279396772385D-08,.960000000000D+02,.345606000000D+06,.000000000000D+00
7,12,17 11 02 02 00 00.0,.366615597159D-03,-.159161572810D-11,.000000000000D+00,.940000000000D+02,-.845937500000D+02,.398230873629D-08,.153538726512D+01,-.450015068054D-05,.655807636213D-02,.867992639542D-05,.515369748497D+04,.352800000000D+06,-.180676579475D-06,-.102958575596D+01,.614672899246D-07,.988112064982D+00,.227281250000D+03,.908940107404D+00,-.789818613401D-08,-.526093342471D-09,.100000000000D+01,.197300000000D+04,.000000000000D+00,.000000000000D+00,.000000000000D+00,-.125728547573D-07,.940000000000D+02,.345606000000D+06,.000000000000D+00
8,05,17 11 02 02 00 00.0,-.240737572312D-04,.125055521494D-11,.000000000000D+00,.820000000000D+02,-.704062500000D+02,.488127475326D-08,-.572796416070D+00,-.354275107384D-05,.526398397051D-02,.812485814095D-05,.515358337402D+04,.352800000000D+06,.353902578354D-07,.203311438813D+01,.819563865662D-07,.946966708416D+00,.213125000000D+03,.620070173463D+00,-.835999108433D-08,-.442161274935D-09,.100000000000D+01,.197300000000D+04,.000000000000D+00,.000000000000D+00,.000000000000D+00,-.107102096081D-07,.820000000000D+02,.345606000000D+06,.000000000000D+00
9,13,17 11 02 02 00 00.0,-.934754498303D-04,-.454747350886D-12,.000000000000D+00,.220000000000D+02,.868750000000D+02,.417695970142D-08,-.285010525931D+01,.436231493950D-05,.357591384090D-02,.112038105726D-04,.515366432762D+04,.352800000000D+06,.931322574615D-08,-.306768946131D+01,.372529029846D-08,.969555747900D+00,.166968750000D+03,.169875822908D+01,-.779461039110D-08,.332156692802D-09,.100000000000D+01,.197300000000D+04,.000000000000D+00,.000000000000D+00,.000000000000D+00,-.116415321827D-07,.220000000000D+02,.346536000000D+06,.000000000000D+00
10,20,17 11 02 02 00 00.0,.491521321237D-03,.113686837722D-11,.000000000000D+00,.220000000000D+02,-.706562500000D+02,.538022410793D-08,-.233827854941D+01,-.358931720257D-05,.464434828609D-02,.721961259842D-05,.515375005341D+04,.352800000000D+06,.149011611938D-07,.194952975175D+01,.782310962677D-07,.927181940987D+00,.215750000000D+03,.170560938897D+01,-.849571102332D-08,-.417517391275D-09,.100000000000D+01,.197300000000D+04,.000000000000D+00,.000000000000D+00,.000000000000D+00,-.838190317154D-08,.220000000000D+02,.349236000000D+06,.000000000000D+00
11,25,17 11 02 02 00 00.0,-.482642091811D-03,-.625277607469D-11,.000000000000D+00,.106000000000D+03,-.897500000000D+02,.437125350883D-08,.110274259084D+01,-.465288758278D-05,.664069608320D-02,.788643956184D-05,.515373437119D+04,.352800000000D+06,-.558793544769D-08,-.108682108139D+01,.152736902237D-06,.975871623142D+00,.235125000000D+03,.811051252614D+00,-.818748389871D-08,-.588595945955D-09,.100000000000D+01,.197300000000D+04,.000000000000D+00,.000000000000D+00,.000000000000D+00,.558793544769D-08,.106000000000D+03,.351246000000D+06,.000000000000D+00
12,02,17 11 02 04 00 00.0,.291382428259D-03,-.954969436862D-11,.000000000000D+00,.210000000000D+02,.382500000000D+02,.510092675979D-08,-.203523801414D+01,.206567347050D-05,.172148295678D-01,.372156500816D-05,.515360763359D+04,.360000000000D+06,.290572643280D-06,.952185264898D+00,-.409781932831D-07,.947761960924D+00,.300031250000D+03,-.194303509622D+01,-.826320133836D-08,.374658463172D-09,.100000000000D+01,.197300000000D+04,.000000000000D+00,.000000000000D+00,.000000000000D+00,-.204890966415D-07,.210000000000D+02,.352806000000D+06,.000000000000D+00
13,25,17 11 02 04 00 00.0,-.482687260956D-03,-.625277607469D-11,.000000000000D+00,.115000000000D+03,-.908125000000D+02,.426410618857D-08,.215284551393D+01,-.479072332382D-05,.664033181965D-02,.760145485401D-05,.515373490715D+04,.360000000000D+06,-.139698386192D-06,-.108688030031D+01,-.875443220139D-07,.975868744119D+00,.240656250000D+03,.811091564785D+00,-.797461788913D-08,-.441089801732D-09,.100000000000D+01,.197300000000D+04,.000000000000D+00,.000000000000D+00,.000000000000D+00,.558793544769D-08,.115000000000D+03,.352806000000D+06,.000000000000D+00
14,12,17 11 02 04 00 00.0,.366603955626D-03,-.159161572810D-11,.000000000000D+00,.105000000000D+03,-.898437500000D+02,.389766235328D-08,.258533895027D+01,-.480934977531D-05,.655747752171D-02,.803358852863D-05,.515370028687D+04,.360000000000D+06,-.782310962677D-07,-.102964226117D+01,-.838190317154D-07,.988109105499D+00,.236875000000D+03,.909149680659D+00,-.775246577846D-08,-.486448833975D-09,.100000000000D+01,.197300000000D+04,.000000000000D+00,.000000000000D+00,.000000000000D+00,-.125728547573D-07,.105000000000D+03,.352806000000D+06,.000000000000D+00
15,17,17 11 02 04 00 00.0,-.147251877934D-03,.238742359215D-11,.000000000000D+00,.260000000000D+02,.168437500000D+02,.400873840862D-08,-.265630424025D+00,.972300767899D-06,.120499873301D-01,.121109187603D-04,.515370853233D+04,.360000000000D+06,-.726431608200D-07,.521355330256D-02,.875443220139D-07,.981635535003D+00,.161281250000D+03,-.183615171929D+01,-.793247327650D-08,.284654714154D-09,.100000000000D+01,.197300000000D+04,.000000000000D+00,.000000000000D+00,.000000000000D+00,-.111758708954D-07,.260000000000D+02,.352806000000D+06,.000000000000D+00
16,06,17 11 02 04 00 00.0,.407810788602D-03,.193267624127D-11,.000000000000D+00,.240000000000D+02,.363437500000D+02,.479448542385D-08,-.219275501339D+01,.182539224625D-05,.598076614551D-03,.424124300480D-05,.515376799202D+04,.360000000000D+06,.409781932831D-07,.100060090739D+01,.409781932831D-07,.968480833731D+00,.304093750000D+03,-.124359270339D+01,-.833141846559D-08,.234652631367D-09,.100000000000D+01,.197300000000D+04,.000000000000D+00,.000000000000D+00,.000000000000D+00,.465661287308D-08,.240000000000D+02,.352806000000D+06,.000000000000D+00
17,19,17 11 02 04 00 00.0,-.477937515825D-03,.216004991671D-11,.000000000000D+00,.260000000000D+02,.172812500000D+02,.395087885568D-08,.271535307939D+01,.827014446259D-06,.987827742938D-02,.119451433420D-04,.515368608475D+04,.360000000000D+06,.428408384323D-07,.526355598881D-01,-.171363353729D-06,.978994192523D+00,.155281250000D+03,.108810942945D+01,-.755210028958D-08,.252867675811D-09,.100000000000D+01,.197300000000D+04,.000000000000D+00,.000000000000D+00,.000000000000D+00,-.153668224812D-07,.260000000000D+02,.352806000000D+06,.000000000000D+00
18,24,17 11 02 04 00 00.0,-.416967086494D-04,-.568434188608D-12,.000000000000D+00,.970000000000D+02,.588125000000D+02,.536200906349D-08,-.215733829334D+01,.287406146526D-05,.617623899598D-02,.287219882011D-05,.515366693497D+04,.360000000000D+06,.838190317154D-07,-.217436010152D+01,-.104308128357D-06,.943671896522D+00,.315906250000D+03,.473000328648D+00,-.868821904205D-08,.348943106310D-09,.100000000000D+01,.197300000000D+04,.000000000000D+00,.100000000000D+01,.000000000000D+00,.279396772385D-08,.970000000000D+02,.352806000000D+06,.000000000000D+00
19,05,17 11 02 04 00 00.0,-.240653753281D-04,.125055521494D-11,.000000000000D+00,.830000000000D+02,-.747187500000D+02,.486805991709D-08,.477515111815D+00,-.375322997570D-05,.526368163992D-02,.797025859356D-05,.515358283806D+04,.360000000000D+06,-.558793544769D-07,.203305440264D+01,.115483999252D-06,.946963530958D+00,.217687500000D+03,.619996853472D+00,-.833284709653D-08,-.480019994760D-09,.100000000000D+01,.197300000000D+04,.000000000000D+00,.000000000000D+00,.000000000000D+00,-.107102096081D-07,.830000000000D+02,.352806000000D+06,.000000000000D+00
20,13,17 11 02 04 00 00.0,-.934782437980D-04,-.454747350886D-12,.000000000000D+00,.230000000000D+02,.754375000000D+02,.408731311014D-08,-.179964708705D+01,.401586294174D-05,.357471813913D-02,.112485140562D-04,.515366721153D+04,.360000000000D+06,.931322574615D-08,-.306774555836D+01,.428408384323D-07,.969557965684D+00,.167593750000D+03,.169848269870D+01,-.782604027170D-08,.316798910232D-09,.100000000000D+01,.197300000000D+04,.000000000000D+00,.000000000000D+00,.000000000000D+00,-.116415321827D-07,.230000000000D+02,.352806000000D+06,.000000000000D+00
21,15,17 11 02 04 00 00.0,-.356975942850D-03,-.227373675443D-12,.000000000000D+00,.800000000000D+02,.527500000000D+02,.493949146393D-08,-.109602380309D+01,.280328094959D-05,.983836047817D-02,.116247683764D-04,.515364648438D+04,.360000000000D+06,.229105353355D-06,.302140595755D+01,.372529029846D-08,.929198052760D+00,.134343750000D+03,.625842693135D+00,-.823962892790D-08,.161792453591D-09,.100000000000D+01,.197300000000D+04,.000000000000D+00,.000000000000D+00,.000000000000D+00,-.107102096081D-07,.800000000000D+02,.354726000000D+06,.000000000000D+00
22,29,17 11 02 03 59 44.0,.543568283319D-03,-.477484718431D-11,.000000000000D+00,.320000000000D+02,.308750000000D+02,.382123059816D-08,.108164893452D+01,.151991844177D-05,.407636049204D-03,.119563192129D-04,.515354811096D+04,.359984000000D+06,-.521540641785D-07,.155254931448D-01,.000000000000D+00,.982820715159D+00,.160687500000D+03,.879570938552D+00,-.764067540766D-08,.259653672761D-09,.100000000000D+01,.197300000000D+04,.000000000000D+00,.000000000000D+00,.000000000000D+00,-.102445483208D-07,.320000000000D+02,.355026000000D+06,.000000000000D+00
23,20,17 11 02 04 00 00.0,.491529703140D-03,.113686837722D-11,.000000000000D+00,.230000000000D+02,-.696562500000D+02,.533700802209D-08,-.128796201542D+01,-.345706939697D-05,.464430660941D-02,.722892582417D-05,.515375156212D+04,.360000000000D+06,-.968575477600D-07,.194946828286D+01,.782310962677D-07,.927178454853D+00,.222031250000D+03,.170543282208D+01,-.860250118585D-08,-.418231706744D-09,.100000000000D+01,.197300000000D+04,.000000000000D+00,.000000000000D+00,.000000000000D+00,-.838190317154D-08,.230000000000D+02,.359286000000D+06,.000000000000D+00
24,21,17 11 02 04 00 00.0,-.465884804726D-03,.341060513165D-11,.000000000000D+00,.340000000000D+02,.320625000000D+02,.522664628223D-08,.214323623704D+01,.126659870148D-05,.240451236023D-01,.336021184921D-05,.515357045555D+04,.360000000000D+06,.376254320145D-06,.960462427595D+00,-.230967998505D-06,.941203399277D+00,.297875000000D+03,-.162853505550D+01,-.825712965688D-08,.196079596074D-09,.100000000000D+01,.197300000000D+04,.000000000000D+00,.000000000000D+00,.000000000000D+00,-.977888703346D-08,.340000000000D+02,.359316000000D+06,.000000000000D+00
25,02,17 11 02 06 00 00.0,.291313510388D-03,-.954969436862D-11,.000000000000D+00,.220000000000D+02,.462812500000D+02,.540486799159D-08,-.985117143980D+00,.265240669250D-05,.172147183912D-01,.445172190666D-05,.515360413933D+04,.367200000000D+06,-.428408384323D-07,.952125090689D+00,.422820448875D-06,.947761820484D+00,.289843750000D+03,-.194292913852D+01,-.880715256754D-08,.235366946835D-09,.100000000000D+01,.197300000000D+04,.000000000000D+00,.000000000000D+00,.000000000000D+00,-.204890966415D-07,.220000000000D+02,.360006000000D+06,.000000000000D+00
26,12,17 11 02 06 00 00.0,.366592314094D-03,-.159161572810D-11,.000000000000D+00,.136000000000D+03,-.104437500000D+03,.405516891406D-08,-.264769301289D+01,-.537559390068D-05,.655958149582D-02,.783801078796D-05,.515369636536D+04,.367200000000D+06,.800937414169D-07,-.102969901507D+01,-.130385160446D-06,.988105631069D+00,.241468750000D+03,.909158458168D+00,-.784282668521D-08,-.382515933324D-09,.100000000000D+01,.197300000000D+04,.000000000000D+00,.000000000000D+00,.000000000000D+00,-.125728547573D-07,.136000000000D+03,.360006000000D+06,.000000000000D+00
27,25,17 11 02 06 00 00.0,-.482732895762D-03,-.625277607469D-11,.000000000000D+00,.118000000000D+03,-.965000000000D+02,.428053544434D-08,-.308023332406D+01,-.506639480591D-05,.664074416272D-02,.746175646782D-05,.515373440742D+04,.367200000000D+06,-.502914190292D-07,-.108693774033D+01,-.158324837685D-06,.975865635418D+00,.243062500000D+03,.811126464159D+00,-.797890378194D-08,-.412517182996D-09,.100000000000D+01,.197300000000D+04,.000000000000D+00,.000000000000D+00,.000000000000D+00,.558793544769D-08,.118000000000D+03,.360006000000D+06,.000000000000D+00
28,15,17 11 02 06 00 00.0,-.356977339834D-03,-.227373675443D-12,.000000000000D+00,.810000000000D+02,.450937500000D+02,.498163607657D-08,-.458246507235D-01,.250153243542D-05,.983745127451D-02,.120978802443D-04,.515364501381D+04,.367200000000D+06,.912696123123D-07,.302134614761D+01,.117346644402D-06,.929198575022D+00,.129531250000D+03,.625844020001D+00,-.836463413487D-08,.136077096729D-09,.100000000000D+01,.197300000000D+04,.000000000000D+00,.000000000000D+00,.000000000000D+00,-.107102096081D-07,.810000000000D+02,.360006000000D+06,.000000000000D+00
29,20,17 11 02 06 00 00.0,.491537619382D-03,.113686837722D-11,.000000000000D+00,.240000000000D+02,-.795937500000D+02,.538986736675D-08,-.238026640342D+00,-.397115945816D-05,.464295851998D-02,.697001814842D-05,.515374846649D+04,.367200000000D+06,-.178813934326D-06,.194940645848D+01,-.167638063431D-07,.927175391502D+00,.229062500000D+03,.170563731901D+01,-.860000108171D-08,-.467162316328D-09,.100000000000D+01,.197300000000D+04,.000000000000D+00,.000000000000D+00,.000000000000D+00,-.838190317154D-08,.240000000000D+02,.360006000000D+06,.000000000000D+00
30,24,17 11 02 06 00 00.0,-.416999682784D-04,-.568434188608D-12,.000000000000D+00,.980000000000D+02,.623437500000D+02,.534022244170D-08,-.110722453735D+01,.322796404362D-05,.617616414092D-02,.267289578915D-05,.515366603851D+04,.367200000000D+06,.135973095894D-06,-.217442263103D+01,-.149011611938D-07,.943674452240D+00,.317062500000D+03,.473077676053D+00,-.872107755360D-08,.347157317639D-09,.100000000000D+01,.197300000000D+04,.000000000000D+00,.100000000000D+01,.000000000000D+00,.279396772385D-08,.980000000000D+02,.360006000000D+06,.000000000000D+00
31,29,17 11 02 06 00 00.0,.543533824384D-03,-.477484718431D-11,.000000000000D+00,.340000000000D+02,.188750000000D+02,.377194283084D-08,.213030999969D+01,.875443220139D-06,.407818937674D-03,.119432806969D-04,.515355111122D+04,.367200000000D+06,-.409781932831D-07,.154703396703D-01,-.335276126862D-07,.982822694487D+00,.160218750000D+03,.883495053915D+00,-.761781731267D-08,.267868300647D-09,.100000000000D+01,.197300000000D+04,.000000000000D+00,.000000000000D+00,.000000000000D+00,-.102445483208D-07,.340000000000D+02,.360006000000D+06,.000000000000D+00
32,05,17 11 02 06 00 00.0,-.240565277636D-04,.125055521494D-11,.000000000000D+00,.840000000000D+02,-.803437500000D+02,.493949146393D-08,.152771781176D+01,-.407174229622D-05,.526335241739D-02,.821053981781D-05,.515358281326D+04,.367200000000D+06,-.465661287308D-07,.203299525832D+01,-.838190317154D-07,.946959436250D+00,.218406250000D+03,.620033370833D+00,-.833606151614D-08,-.641455290616D-09,.100000000000D+01,.197300000000D+04,.000000000000D+00,.000000000000D+00,.000000000000D+00,-.107102096081D-07,.840000000000D+02,.360006000000D+06,.000000000000D+00
33,13,17 11 02 06 00 00.0,-.934815034270D-04,-.454747350886D-12,.000000000000D+00,.240000000000D+02,.737187500000D+02,.411802867528D-08,-.749682264898D+00,.385381281376D-05,.357472931501D-02,.116433948278D-04,.515366582489D+04,.367200000000D+06,-.204890966415D-07,-.306780231812D+01,-.186264514923D-07,.969560045953D+00,.161343750000D+03,.169870057548D+01,-.788961434839D-08,.337514058815D-09,.100000000000D+01,.197300000000D+04,.000000000000D+00,.000000000000D+00,.000000000000D+00,-.116415321827D-07,.240000000000D+02,.360006000000D+06,.000000000000D+00
34,18,17 11 02 06 00 00.0,.632179435343D-03,.568434188608D-12,.000000000000D+00,.290000000000D+02,-.798750000000D+02,.522057460074D-08,.228653716894D+01,-.427290797234D-05,.181561092613D-01,.724196434021D-05,.515363775253D+04,.367200000000D+06,.197440385818D-06,.200054426528D+01,-.206753611565D-06,.925813918014D+00,.217218750000D+03,-.177540474679D+01,-.823534303509D-08,-.512164190837D-09,.100000000000D+01,.197300000000D+04,.000000000000D+00,.000000000000D+00,.000000000000D+00,-.111758708954D-07,.290000000000D+02,.365496000000D+06,.000000000000D+00
35,21,17 11 02 06 00 00.0,-.465860124677D-03,.341060513165D-11,.000000000000D+00,.350000000000D+02,.428750000000D+02,.525236163909D-08,-.308973543780D+01,.214017927647D-05,.240438114852D-01,.366941094398D-05,.515357330322D+04,.367200000000D+06,.420957803726D-06,.960402958512D+00,-.558793544769D-08,.941204849028D+00,.294250000000D+03,-.162850043993D+01,-.823462871962D-08,.265011038773D-09,.100000000000D+01,.197300000000D+04,.000000000000D+00,.000000000000D+00,.000000000000D+00,-.977888703346D-08,.350000000000D+02,.366816000000D+06,.000000000000D+00
36,25,17 11 02 08 00 00.0,-.482778064907D-03,-.625277607469D-11,.000000000000D+00,.119000000000D+03,-.104781250000D+03,.435768151493D-08,-.203020018217D+01,-.547245144844D-05,.664235872682D-02,.694766640663D-05,.515373112488D+04,.374400000000D+06,.651925802231D-07,-.108699572016D+01,-.121071934700D-06,.975862934871D+00,.253375000000D+03,.811237264111D+00,-.801569102856D-08,-.347157317639D-09,.100000000000D+01,.197300000000D+04,.000000000000D+00,.000000000000D+00,.000000000000D+00,.558793544769D-08,.119000000000D+03,.367206000000D+06,.000000000000D+00
37,12,17 11 02 08 00 00.0,.366580672562D-03,-.159161572810D-11,.000000000000D+00,.137000000000D+03,-.108250000000D+03,.408088427092D-08,-.159747685264D+01,-.554323196411D-05,.655962387100D-02,.786595046520D-05,.515369686317D+04,.374400000000D+06,.182539224625D-06,-.102975535205D+01,-.558793544769D-07,.988102804711D+00,.242031250000D+03,.909106106181D+00,-.788997150613D-08,-.411802867528D-09,.100000000000D+01,.197300000000D+04,.000000000000D+00,.100000000000D+01,.000000000000D+00,-.125728547573D-07,.137000000000D+03,.367206000000D+06,.000000000000D+00
38,15,17 11 02 08 00 00.0,-.356978736818D-03,-.227373675443D-12,.000000000000D+00,.820000000000D+02,.547187500000D+02,.485770234280D-08,.100415831454D+01,.308081507683D-05,.983977655414D-02,.132899731398D-04,.515365086746D+04,.374400000000D+06,-.104308128357D-06,.302128711594D+01,.856816768646D-07,.929199286000D+00,.106937500000D+03,.626061138988D+00,-.827284459718D-08,-.678599694973D-11,.100000000000D+01,.197300000000D+04,.000000000000D+00,.000000000000D+00,.000000000000D+00,-.107102096081D-07,.820000000000D+02,.367206000000D+06,.000000000000D+00
39,20,17 11 02 08 00 00.0,.491546001285D-03,.113686837722D-11,.000000000000D+00,.250000000000D+02,-.840625000000D+02,.553237330270D-08,.812035297627D+00,-.445917248726D-05,.464309705421D-02,.708922743797D-05,.515374890709D+04,.374400000000D+06,.670552253723D-07,.194934533045D+01,-.128522515297D-06,.927170948620D+00,.231406250000D+03,.170571694710D+01,-.870393398236D-08,-.671813698023D-09,.100000000000D+01,.197300000000D+04,.000000000000D+00,.000000000000D+00,.000000000000D+00,-.838190317154D-08,.250000000000D+02,.367206000000D+06,.000000000000D+00
40,24,17 11 02 08 00 00.0,-.417036935687D-04,-.568434188608D-12,.000000000000D+00,.990000000000D+02,.656250000000D+02,.539593904823D-08,-.570797089818D-01,.346079468727D-05,.617608788889D-02,.282190740108D-05,.515366561317D+04,.374400000000D+06,.279396772385D-07,-.217448579837D+01,.651925802231D-07,.943676275036D+00,.316187500000D+03,.473124843457D+00,-.885429738846D-08,.325727853587D-09,.100000000000D+01,.197300000000D+04,.000000000000D+00,.100000000000D+01,.000000000000D+00,.279396772385D-08,.990000000000D+02,.367206000000D+06,.000000000000D+00
41,21,17 11 02 08 00 00.0,-.465835910290D-03,.341060513165D-11,.000000000000D+00,.360000000000D+02,.477187500000D+02,.520378818724D-08,-.203950640533D+01,.270083546638D-05,.240442670183D-01,.356510281563D-05,.515357214165D+04,.374400000000D+06,.366941094398D-06,.960343435302D+00,.217929482460D-06,.941207280398D+00,.294843750000D+03,-.162848169995D+01,-.824855787126D-08,.345371528968D-09,.100000000000D+01,.197300000000D+04,.000000000000D+00,.000000000000D+00,.000000000000D+00,-.977888703346D-08,.360000000000D+02,.367206000000D+06,.000000000000D+00
42,29,17 11 02 08 00 00.0,.543499365449D-03,-.477484718431D-11,.000000000000D+00,.730000000000D+02,.107500000000D+02,.389694803781D-08,-.310032502048D+01,.596046447754D-06,.409365515225D-03,.123530626297D-04,.515354771042D+04,.374400000000D+06,-.745058059692D-08,.154151701037D-01,-.111758708954D-06,.982824505580D+00,.149937500000D+03,.881196931035D+00,-.766853371092D-08,.300726812193D-09,.100000000000D+01,.197300000000D+04,.000000000000D+00,.000000000000D+00,.000000000000D+00,-.102445483208D-07,.730000000000D+02,.367206000000D+06,.000000000000D+00
43,13,17 11 02 08 00 00.0,-.934842973948D-04,-.454747350886D-12,.000000000000D+00,.250000000000D+02,.810937500000D+02,.400659546221D-08,.300736392478D+00,.417977571487D-05,.357737438753D-02,.124741345644D-04,.515367107201D+04,.374400000000D+06,-.186264514923D-08,-.306785907056D+01,-.428408384323D-07,.969562450991D+00,.142656250000D+03,.169846237731D+01,-.789497171440D-08,.322513433979D-09,.100000000000D+01,.197300000000D+04,.000000000000D+00,.000000000000D+00,.000000000000D+00,-.116415321827D-07,.250000000000D+02,.367206000000D+06,.000000000000D+00
44,18,17 11 02 08 00 00.0,.632183160633D-03,.568434188608D-12,.000000000000D+00,.300000000000D+02,-.880625000000D+02,.529093467438D-08,-.294641508714D+01,-.445917248726D-05,.181572531583D-01,.710785388947D-05,.515363550758D+04,.374400000000D+06,.189989805222D-06,.200048529652D+01,-.875443220139D-07,.925810224146D+00,.221031250000D+03,-.177542892590D+01,-.819819863074D-08,-.509664086698D-09,.100000000000D+01,.197300000000D+04,.000000000000D+00,.000000000000D+00,.000000000000D+00,-.111758708954D-07,.300000000000D+02,.367206000000D+06,.000000000000D+00
45,10,17 11 02 08 00 00.0,.102174002677D-03,.807176547823D-11,.000000000000D+00,.124000000000D+03,-.730000000000D+02,.455661837287D-08,-.233829773411D+01,-.379793345928D-05,.290724728256D-02,.838562846184D-05,.515366839027D+04,.374400000000D+06,-.558793544769D-07,.204832701137D+01,-.372529029846D-08,.960174131792D+00,.218125000000D+03,-.288738880473D+01,-.807533637017D-08,-.507521140293D-09,.100000000000D+01,.197300000000D+04,.000000000000D+00,.000000000000D+00,.000000000000D+00,.186264514923D-08,.124000000000D+03,.367386000000D+06,.000000000000D+00
46,32,17 11 02 08 00 00.0,-.519605353475D-03,-.363797880709D-11,.000000000000D+00,.118000000000D+03,.624062500000D+02,.417588822822D-08,.251003877070D+01,.337325036526D-05,.148109765723D-02,.120736658573D-04,.515361038780D+04,.374400000000D+06,-.149011611938D-07,.309076982475D+01,-.521540641785D-07,.958081579623D+00,.142968750000D+03,-.260459942395D+01,-.786104172966D-08,.199294015681D-09,.100000000000D+01,.197300000000D+04,.000000000000D+00,.000000000000D+00,.000000000000D+00,.465661287308D-09,.118000000000D+03,.368226000000D+06,.000000000000D+00
47,26,17 11 02 08 00 00.0,-.376625917852D-03,.130739863380D-10,.000000000000D+00,.300000000000D+02,-.931250000000D+02,.475376944215D-08,-.252618477664D+01,-.480189919472D-05,.215533480514D-02,.692717730999D-05,.515355699539D+04,.374400000000D+06,-.931322574615D-07,-.110524481567D+01,-.167638063431D-07,.957523213051D+00,.247562500000D+03,-.885882229008D-01,-.827605901679D-08,-.378944355982D-09,.100000000000D+01,.197300000000D+04,.000000000000D+00,.000000000000D+00,.000000000000D+00,.745058059692D-08,.300000000000D+02,.370386000000D+06,.000000000000D+00
48,14,17 11 02 08 00 00.0,-.876500271261D-04,-.909494701773D-12,.000000000000D+00,.290000000000D+02,.687500000000D+02,.415803034151D-08,.152848704042D+01,.359863042831D-05,.928569957614D-02,.117160379887D-04,.515371894836D+04,.374400000000D+06,-.225380063057D-06,-.310835673185D+01,-.152736902237D-06,.962093158470D+00,.153343750000D+03,-.194980064175D+01,-.795783147562D-08,.245724521127D-09,.100000000000D+01,.197300000000D+04,.000000000000D+00,.000000000000D+00,.000000000000D+00,-.977888703346D-08,.290000000000D+02,.371286000000D+06,.000000000000D+00
49,14,17 11 02 10 00 00.0,-.876560807228D-04,-.909494701773D-12,.000000000000D+00,.310000000000D+02,.664375000000D+02,.406695511929D-08,.257883779792D+01,.348687171936D-05,.928661180660D-02,.123456120491D-04,.515371508408D+04,.381600000000D+06,.949949026108D-07,-.310841263727D+01,-.106170773506D-06,.962096333003D+00,.138656250000D+03,-.194999994971D+01,-.764353266953D-08,.233224000430D-09,.100000000000D+01,.197300000000D+04,.000000000000D+00,.000000000000D+00,.000000000000D+00,-.977888703346D-08,.310000000000D+02,.374406000000D+06,.000000000000D+00
50,32,17 11 02 10 00 00.0,-.519631896168D-03,-.363797880709D-11,.000000000000D+00,.119000000000D+03,.562187500000D+02,.416481633846D-08,-.272264847191D+01,.302866101265D-05,.148263724986D-02,.126734375954D-04,.515360742760D+04,.381600000000D+06,-.372529029846D-08,.309071366772D+01,.372529029846D-08,.958083222480D+00,.132750000000D+03,-.260487931529D+01,-.779353891789D-08,.171792870148D-09,.100000000000D+01,.197300000000D+04,.000000000000D+00,.000000000000D+00,.000000000000D+00,.465661287308D-09,.119000000000D+03,.374406000000D+06,.000000000000D+00
51,15,17 11 02 10 00 00.0,-.356980133802D-03,-.227373675443D-12,.000000000000D+00,.910000000000D+02,.584375000000D+02,.487413159857D-08,.205433260608D+01,.298582017422D-05,.984073965810D-02,.140331685543D-04,.515365135956D+04,.381600000000D+06,-.176951289177D-06,.302122733964D+01,-.316649675369D-07,.929199546399D+00,.930312500000D+02,.626083062278D+00,-.819819863074D-08,.421446126351D-10,.100000000000D+01,.197300000000D+04,.000000000000D+00,.100000000000D+01,.000000000000D+00,-.107102096081D-07,.910000000000D+02,.374406000000D+06,.000000000000D+00
52,20,17 11 02 10 00 00.0,.491553917527D-03,.113686837722D-11,.000000000000D+00,.260000000000D+02,-.861562500000D+02,.561201947742D-08,.186222818286D+01,-.461749732494D-05,.464320718311D-02,.680238008499D-05,.515374853516D+04,.381600000000D+06,.130385160446D-06,.194928277753D+01,-.540167093277D-07,.927166211691D+00,.229406250000D+03,.170566648374D+01,-.866571810480D-08,-.689671584733D-09,.100000000000D+01,.197300000000D+04,.000000000000D+00,.000000000000D+00,.000000000000D+00,-.838190317154D-08,.260000000000D+02,.374406000000D+06,.000000000000D+00
53,24,17 11 02 09 59 44.0,-.417074188590D-04,-.454747350886D-12,.000000000000D+00,.300000000000D+02,.758437500000D+02,.530664961469D-08,.990685690447D+00,.387988984585D-05,.617743190378D-02,.286847352982D-05,.515366836548D+04,.381584000000D+06,-.428408384323D-07,-.217454906519D+01,.596046447754D-07,.943678582058D+00,.314468750000D+03,.473216489423D+00,-.882286750785D-08,.280011663610D-09,.100000000000D+01,.197300000000D+04,.000000000000D+00,.000000000000D+00,.000000000000D+00,.279396772385D-08,.300000000000D+02,.374406000000D+06,.000000000000D+00
54,21,17 11 02 10 00 00.0,-.465811230242D-03,.341060513165D-11,.000000000000D+00,.370000000000D+02,.493125000000D+02,.562166273625D-08,-.989352366429D+00,.287592411041D-05,.240441667847D-01,.492483377457D-05,.515356772423D+04,.381600000000D+06,-.424683094025D-06,.960281382705D+00,.340864062309D-06,.941205995956D+00,.278531250000D+03,-.162838524245D+01,-.906430613616D-08,.324656380384D-09,.100000000000D+01,.197300000000D+04,.000000000000D+00,.000000000000D+00,.000000000000D+00,-.977888703346D-08,.370000000000D+02,.374406000000D+06,.000000000000D+00
55,10,17 11 02 10 00 00.0,.102232675999D-03,.807176547823D-11,.000000000000D+00,.151000000000D+03,-.776250000000D+02,.462162108050D-08,-.128831983055D+01,-.405125319958D-05,.290772086009D-02,.824965536594D-05,.515366706848D+04,.381600000000D+06,.223517417908D-07,.204826963134D+01,-.189989805222D-06,.960169987345D+00,.223156250000D+03,-.288718174769D+01,-.809890878063D-08,-.663599070136D-09,.100000000000D+01,.197300000000D+04,.000000000000D+00,.000000000000D+00,.000000000000D+00,.186264514923D-08,.151000000000D+03,.374406000000D+06,.000000000000D+00
56,29,17 11 02 10 00 00.0,.543464906514D-03,-.477484718431D-11,.000000000000D+00,.740000000000D+02,.135312500000D+02,.389551940688D-08,-.204672699739D+01,.806525349617D-06,.407404964790D-03,.134259462357D-04,.515355221367D+04,.381600000000D+06,.707805156708D-07,.153590701212D-01,.502914190292D-07,.982827154925D+00,.133031250000D+03,.877851553378D+00,-.769460622552D-08,.447875798682D-09,.100000000000D+01,.197300000000D+04,.000000000000D+00,.000000000000D+00,.000000000000D+00,-.102445483208D-07,.740000000000D+02,.374406000000D+06,.000000000000D+00
57,18,17 11 02 10 00 00.0,.632186885923D-03,.568434188608D-12,.000000000000D+00,.310000000000D+02,-.812500000000D+02,.541736851229D-08,-.189624386187D+01,-.410526990891D-05,.181578794727D-01,.701472163200D-05,.515363376808D+04,.381600000000D+06,.439584255219D-06,.200042690122D+01,.838190317154D-07,.925805810522D+00,.223125000000D+03,-.177539025074D+01,-.835784813792D-08,-.650027076237D-09,.100000000000D+01,.197300000000D+04,.000000000000D+00,.000000000000D+00,.000000000000D+00,-.111758708954D-07,.310000000000D+02,.374406000000D+06,.000000000000D+00
58,27,17 11 02 10 00 00.0,.343656167388D-03,.386535248253D-11,.000000000000D+00,.800000000000D+02,.831250000000D+01,.393516391537D-08,.293623371566D+01,.523403286934D-06,.501611153595D-02,.127237290144D-04,.515367987442D+04,.381600000000D+06,-.428408384323D-07,-.478002952570D-01,-.819563865662D-07,.976476985957D+00,.142593750000D+03,.378005456439D+00,-.757888711964D-08,.339299847486D-09,.100000000000D+01,.197300000000D+04,.000000000000D+00,.100000000000D+01,.000000000000D+00,.186264514923D-08,.800000000000D+02,.374796000000D+06,.000000000000D+00
59,25,17 11 02 10 00 00.0,-.482823234051D-03,-.625277607469D-11,.000000000000D+00,.155000000000D+03,-.110031250000D+03,.440161191623D-08,-.979949100596D+00,-.559724867344D-05,.664230354596D-02,.702217221260D-05,.515373245049D+04,.381600000000D+06,.160187482834D-06,-.108705319675D+01,.949949026108D-07,.975859347796D+00,.252812500000D+03,.811129966385D+00,-.819712715753D-08,-.464305054455D-09,.100000000000D+01,.197300000000D+04,.000000000000D+00,.100000000000D+01,.000000000000D+00,.558793544769D-08,.155000000000D+03,.375036000000D+06,.000000000000D+00
60,31,17 11 02 10 00 00.0,.164812430739D-03,-.250111042988D-11,.000000000000D+00,.700000000000D+02,.570000000000D+02,.481127183736D-08,-.179356462917D+00,.300630927086D-05,.869462371338D-02,.262074172497D-05,.515354242897D+04,.381600000000D+06,.102445483208D-06,-.210669399756D+01,-.502914190292D-07,.965280808689D+00,.326437500000D+03,-.230522109051D+00,-.860428697452D-08,.309655755548D-09,.100000000000D+01,.197300000000D+04,.000000000000D+00,.000000000000D+00,.000000000000D+00,-.135041773319D-07,.700000000000D+02,.377526000000D+06,.000000000000D+00
61,08,17 11 02 10 00 00.0,-.791731290519D-04,-.136424205266D-11,.000000000000D+00,.590000000000D+02,.656250000000D+01,.417088801994D-08,-.287092651005D+01,.480562448502D-06,.279029086232D-02,.123381614685D-04,.515371831703D+04,.381600000000D+06,-.540167093277D-07,-.546299502539D-01,.335276126862D-07,.968322772747D+00,.145218750000D+03,-.632889455415D+00,-.775568019807D-08,.329299430929D-09,.100000000000D+01,.197300000000D+04,.000000000000D+00,.000000000000D+00,.000000000000D+00,.558793544769D-08,.590000000000D+02,.378546000000D+06,.000000000000D+00
62,26,17 11 02 10 00 00.0,-.376531854272D-03,.130739863380D-10,.000000000000D+00,.310000000000D+02,-.104843750000D+03,.475662670402D-08,-.147677266542D+01,-.566430389881D-05,.215610885061D-02,.637397170067D-05,.515355327225D+04,.381600000000D+06,-.540167093277D-07,-.110530475288D+01,-.745058059692D-07,.957520524208D+00,.255437500000D+03,-.877451914880D-01,-.830998900154D-08,-.357514891930D-09,.100000000000D+01,.197300000000D+04,.000000000000D+00,.000000000000D+00,.000000000000D+00,.745058059692D-08,.310000000000D+02,.380646000000D+06,.000000000000D+00
63,32,17 11 02 12 00 00.0,-.519658438861D-03,-.363797880709D-11,.000000000000D+00,.120000000000D+03,.612187500000D+02,.414517266308D-08,-.167103237366D+01,.327639281750D-05,.148100603838D-02,.138357281685D-04,.515361239052D+04,.388800000000D+06,.204890966415D-07,.309065801392D+01,-.106170773506D-06,.958084220191D+00,.114437500000D+03,-.260627858034D+01,-.779853912617D-08,.832177520677D-10,.100000000000D+01,.197300000000D+04,.000000000000D+00,.000000000000D+00,.000000000000D+00,.465661287308D-09,.120000000000D+03,.381606000000D+06,.000000000000D+00
64,14,17 11 02 12 00 00.0,-.876625999808D-04,-.909494701773D-12,.000000000000D+00,.320000000000D+02,.790937500000D+02,.401695303650D-08,-.265419233514D+01,.419095158577D-05,.928398640826D-02,.131987035275D-04,.515371996117D+04,.388800000000D+06,.949949026108D-07,-.310846760934D+01,-.670552253723D-07,.962098015358D+00,.124312500000D+03,-.195000432384D+01,-.763496088391D-08,.239295681911D-09,.100000000000D+01,.197300000000D+04,.000000000000D+00,.000000000000D+00,.000000000000D+00,-.977888703346D-08,.320000000000D+02,.381606000000D+06,.000000000000D+00
65,27,17 11 02 12 00 00.0,.343685969710D-03,.386535248253D-11,.000000000000D+00,.300000000000D+02,-.146875000000D+01,.395552190622D-08,-.229679623746D+01,-.204890966415D-06,.501771096606D-02,.131689012051D-04,.515367699242D+04,.388800000000D+06,.260770320892D-07,-.478553843631D-01,-.121071934700D-06,.976479341255D+00,.134625000000D+03,.378024627980D+00,-.763710383031D-08,.392873507616D-09,.100000000000D+01,.197300000000D+04,.000000000000D+00,.000000000000D+00,.000000000000D+00,.186264514923D-08,.300000000000D+02,.381606000000D+06,.000000000000D+00
66,08,17 11 02 12 00 00.0,-.791829079390D-04,-.136424205266D-11,.000000000000D+00,.600000000000D+02,-.187500000000D+01,.417553107049D-08,-.182133309939D+01,-.707805156708D-07,.279141147621D-02,.131502747536D-04,.515371474266D+04,.388800000000D+06,-.540167093277D-07,-.546858776120D-01,-.577419996262D-07,.968325151452D+00,.133750000000D+03,-.632330965957D+00,-.777425240025D-08,.352157525917D-09,.100000000000D+01,.197300000000D+04,.000000000000D+00,.100000000000D+01,.000000000000D+00,.558793544769D-08,.600000000000D+02,.381606000000D+06,.000000000000D+00
67,26,17 11 02 12 00 00.0,-.376437790692D-03,.130739863380D-10,.000000000000D+00,.320000000000D+02,-.114937500000D+03,.470126725522D-08,-.426085171975D+00,-.596418976784D-05,.215707812458D-02,.630691647530D-05,.515355576515D+04,.388800000000D+06,.987201929092D-07,-.110536420587D+01,-.558793544769D-07,.957517342361D+00,.254031250000D+03,-.881774837804D-01,-.839142096494D-08,-.462876423518D-09,.100000000000D+01,.197300000000D+04,.000000000000D+00,.000000000000D+00,.000000000000D+00,.745058059692D-08,.320000000000D+02,.381606000000D+06,.000000000000D+00
68,21,17 11 02 12 00 00.0,-.465786550194D-03,.341060513165D-11,.000000000000D+00,.380000000000D+02,.438750000000D+02,.570166606871D-08,.608816428905D-01,.244565308094D-05,.240436407039D-01,.497326254845D-05,.515356635094D+04,.388800000000D+06,-.359490513802D-06,.960214667789D+00,-.130385160446D-07,.941208399531D+00,.278062500000D+03,-.162836420715D+01,-.921859827734D-08,.370729728096D-09,.100000000000D+01,.197300000000D+04,.000000000000D+00,.000000000000D+00,.000000000000D+00,-.977888703346D-08,.380000000000D+02,.381606000000D+06,.000000000000D+00
69,10,17 11 02 12 00 00.0,.102290883660D-03,.807176547823D-11,.000000000000D+00,.152000000000D+03,-.803750000000D+02,.477555606394D-08,-.238035997166D+00,-.437535345554D-05,.290772493463D-02,.819563865662D-05,.515366744804D+04,.388800000000D+06,.726431608200D-07,.204821130333D+01,.223517417908D-07,.960164102026D+00,.221343750000D+03,-.288728009529D+01,-.827820196320D-08,-.761103131572D-09,.100000000000D+01,.197300000000D+04,.000000000000D+00,.100000000000D+01,.000000000000D+00,.186264514923D-08,.152000000000D+03,.381606000000D+06,.000000000000D+00
70,31,17 11 02 12 00 00.0,.164794735610D-03,-.250111042988D-11,.000000000000D+00,.710000000000D+02,.629375000000D+02,.475162649574D-08,.870850834981D+00,.332295894623D-05,.869490532205D-02,.256299972534D-05,.515354325676D+04,.388800000000D+06,.132247805595D-06,-.210675562591D+01,.745058059692D-07,.965283257614D+00,.328093750000D+03,-.230466200711D+00,-.853142679674D-08,.277154401736D-09,.100000000000D+01,.197300000000D+04,.000000000000D+00,.000000000000D+00,.000000000000D+00,-.135041773319D-07,.710000000000D+02,.381606000000D+06,.000000000000D+00
71,18,17 11 02 12 00 00.0,.632190611213D-03,.568434188608D-12,.000000000000D+00,.320000000000D+02,-.758750000000D+02,.578488382077D-08,-.846077530068D+00,-.383891165257D-05,.181580249919D-01,.755861401558D-05,.515363220215D+04,.388800000000D+06,-.197440385818D-06,.200036445509D+01,.238418579102D-06,.925797957578D+00,.217750000000D+03,-.177534273808D+01,-.904144804117D-08,-.681814114580D-09,.100000000000D+01,.197300000000D+04,.000000000000D+00,.000000000000D+00,.000000000000D+00,-.111758708954D-07,.320000000000D+02,.381606000000D+06,.000000000000D+00
72,11,17 11 02 12 00 00.0,-.724461395293D-03,-.193267624127D-11,.000000000000D+00,.112000000000D+03,.641250000000D+02,.623811698547D-08,.111353849471D+01,.312738120556D-05,.169817060232D-01,.736117362976D-05,.515373443985D+04,.388800000000D+06,-.245869159698D-06,.595516225801D+00,-.370666384697D-06,.902844458387D+00,.207843750000D+03,.171463129401D+01,-.907394939499D-08,.599310677981D-09,.100000000000D+01,.197300000000D+04,.000000000000D+00,.000000000000D+00,.000000000000D+00,-.121071934700D-07,.112000000000D+03,.386796000000D+06,.000000000000D+00
73,25,17 11 02 11 59 44.0,-.482867937535D-03,-.625277607469D-11,.000000000000D+00,.320000000000D+02,-.105593750000D+03,.435839583039D-08,.678605916032D-01,-.552833080292D-05,.664279970806D-02,.716559588909D-05,.515373330116D+04,.388784000000D+06,.502914190292D-07,-.108711235569D+01,.124797224998D-06,.975855784128D+00,.253031250000D+03,.811130699307D+00,-.824177187431D-08,-.478591363823D-09,.100000000000D+01,.197300000000D+04,.000000000000D+00,.000000000000D+00,.000000000000D+00,.558793544769D-08,.320000000000D+02,.387726000000D+06,.000000000000D+00
74,01,17 11 02 12 00 00.0,-.785756856203D-05,-.238742359215D-11,.000000000000D+00,.730000000000D+02,.400312500000D+02,.491949063082D-08,.174155834788D+01,.208988785744D-05,.709870201536D-02,.451132655144D-05,.515367212868D+04,.388800000000D+06,-.197440385818D-06,.100870849593D+01,.145286321640D-06,.968731389174D+00,.297031250000D+03,.632462477904D+00,-.839749264642D-08,.348228790841D-09,.100000000000D+01,.197300000000D+04,.000000000000D+00,.000000000000D+00,.000000000000D+00,.558793544769D-08,.730000000000D+02,.387756000000D+06,.000000000000D+00
75,26,17 11 02 14 00 00.0,-.376343727112D-03,.130739863380D-10,.000000000000D+00,.330000000000D+02,-.116437500000D+03,.469376694280D-08,.624205640990D+00,-.600516796112D-05,.215730327182D-02,.625289976597D-05,.515355619049D+04,.396000000000D+06,.894069671631D-07,-.110542464633D+01,.149011611938D-07,.957513919132D+00,.255437500000D+03,-.882142981139D-01,-.839820696189D-08,-.479305679291D-09,.100000000000D+01,.197300000000D+04,.000000000000D+00,.000000000000D+00,.000000000000D+00,.745058059692D-08,.330000000000D+02,.388806000000D+06,.000000000000D+00
76,14,17 11 02 14 00 00.0,-.876686535776D-04,-.909494701773D-12,.000000000000D+00,.330000000000D+02,.876562500000D+02,.419231748399D-08,-.160415194156D+01,.447966158390D-05,.928457744885D-02,.132247805595D-04,.515371778297D+04,.396000000000D+06,.284984707832D-06,-.310852204745D+01,.124797224998D-06,.962098815575D+00,.126593750000D+03,-.194989505995D+01,-.780246786125D-08,.100361323309D-09,.100000000000D+01,.197300000000D+04,.000000000000D+00,.000000000000D+00,.000000000000D+00,-.977888703346D-08,.330000000000D+02,.388806000000D+06,.000000000000D+00
77,01,17 11 02 14 00 00.0,-.787433236837D-05,-.238742359215D-11,.000000000000D+00,.740000000000D+02,.465625000000D+02,.485198781905D-08,.279191362579D+01,.236369669437D-05,.709954684135D-02,.493414700031D-05,.515366936874D+04,.396000000000D+06,-.968575477600D-07,.100864845193D+01,-.838190317154D-07,.968735107911D+00,.288656250000D+03,.632292946179D+00,-.818891252965D-08,.416445918073D-09,.100000000000D+01,.197300000000D+04,.000000000000D+00,.000000000000D+00,.000000000000D+00,.558793544769D-08,.740000000000D+02,.388806000000D+06,.000000000000D+00
78,32,17 11 02 14 00 00.0,-.519684515893D-03,-.363797880709D-11,.000000000000D+00,.121000000000D+03,.687812500000D+02,.431625121776D-08,-.621466677987D+00,.341981649399D-05,.148075295147D-02,.137928873301D-04,.515361054611D+04,.396000000000D+06,.558793544769D-07,.309060195929D+01,.484287738800D-07,.958083951014D+00,.114343750000D+03,-.260562751450D+01,-.794175937758D-08,.250010413937D-11,.100000000000D+01,.197300000000D+04,.000000000000D+00,.000000000000D+00,.000000000000D+00,.465661287308D-09,.121000000000D+03,.388806000000D+06,.000000000000D+00
79,27,17 11 02 14 00 00.0,.343713909388D-03,.386535248253D-11,.000000000000D+00,.310000000000D+02,-.356250000000D+01,.388016162431D-08,-.124623696732D+01,-.268220901489D-06,.501711037941D-02,.137928873301D-04,.515368079376D+04,.396000000000D+06,.117346644402D-06,-.479104178784D-01,-.782310962677D-07,.976482261240D+00,.120031250000D+03,.377638481976D+00,-.766603360678D-08,.393230665350D-09,.100000000000D+01,.197300000000D+04,.000000000000D+00,.000000000000D+00,.000000000000D+00,.186264514923D-08,.310000000000D+02,.388806000000D+06,.000000000000D+00
80,10,17 11 02 13 59 44.0,.102351885289D-03,.818545231596D-11,.000000000000D+00,.300000000000D+02,-.718437500000D+02,.483841582515D-08,.809627236453D+00,-.369176268578D-05,.290869013406D-02,.802986323833D-05,.515366948700D+04,.395984000000D+06,.633299350739D-07,.204815155044D+01,-.167638063431D-07,.960158525382D+00,.221531250000D+03,-.288709047184D+01,-.831820362943D-08,-.744316718065D-09,.100000000000D+01,.197300000000D+04,.000000000000D+00,.000000000000D+00,.000000000000D+00,.186264514923D-08,.300000000000D+02,.388806000000D+06,.000000000000D+00
81,31,17 11 02 14 00 00.0,.164776574820D-03,-.250111042988D-11,.000000000000D+00,.720000000000D+02,.686250000000D+02,.476984154019D-08,.192106549575D+01,.376440584660D-05,.869529379997D-02,.276789069176D-05,.515354415131D+04,.396000000000D+06,-.223517417908D-07,-.210681614683D+01,.689178705215D-07,.965285001412D+00,.329125000000D+03,-.230419583363D+00,-.846249535404D-08,.175364447490D-09,.100000000000D+01,.197300000000D+04,.000000000000D+00,.000000000000D+00,.000000000000D+00,-.135041773319D-07,.720000000000D+02,.388806000000D+06,.000000000000D+00
82,18,17 11 02 14 00 00.0,.632194336504D-03,.568434188608D-12,.000000000000D+00,.880000000000D+02,-.700937500000D+02,.579202697546D-08,.204161799884D+00,-.359863042831D-05,.181585534010D-01,.758655369282D-05,.515363344193D+04,.396000000000D+06,-.206753611565D-06,.200029895001D+01,.689178705215D-07,.925793039248D+00,.218843750000D+03,-.177536730487D+01,-.909109296623D-08,-.693957477543D-09,.100000000000D+01,.197300000000D+04,.000000000000D+00,.000000000000D+00,.000000000000D+00,-.111758708954D-07,.880000000000D+02,.388806000000D+06,.000000000000D+00
83,16,17 11 02 14 00 00.0,.366359017789D-04,-.227373675443D-12,.000000000000D+00,.810000000000D+02,-.112312500000D+03,.395409327528D-08,-.432122653906D+00,-.569224357605D-05,.936361739878D-02,.765360891819D-05,.515378775215D+04,.396000000000D+06,.147148966789D-06,-.101103592399D+01,.763684511185D-07,.988561896200D+00,.243750000000D+03,.456792749949D+00,-.808855120634D-08,-.477162732886D-09,.100000000000D+01,.197300000000D+04,.000000000000D+00,.100000000000D+01,.000000000000D+00,-.107102096081D-07,.810000000000D+02,.389646000000D+06,.000000000000D+00
84,22,17 11 02 14 00 00.0,-.175585504621D-03,-.127329258248D-10,.000000000000D+00,.370000000000D+02,-.786562500000D+02,.562130557851D-08,-.194327882715D+01,-.401213765144D-05,.716080225538D-02,.669062137604D-05,.515368323517D+04,.396000000000D+06,.150874257088D-06,.199986330325D+01,.726431608200D-07,.923897913725D+00,.226843750000D+03,-.166288722030D+01,-.858857203421D-08,-.604310886260D-09,.100000000000D+01,.197300000000D+04,.000000000000D+00,.000000000000D+00,.000000000000D+00,-.176951289177D-07,.370000000000D+02,.390036000000D+06,.000000000000D+00
85,03,17 11 02 14 00 00.0,-.477456487715D-04,.522959453519D-11,.000000000000D+00,.330000000000D+02,-.769062500000D+02,.477841332581D-08,.173717696675D+01,-.399723649025D-05,.108859455213D-02,.781565904617D-05,.515362608147D+04,.396000000000D+06,-.745058059692D-08,.205175008900D+01,-.167638063431D-07,.960028498298D+00,.227406250000D+03,.572440701687D+00,-.822784272268D-08,-.639669501945D-09,.100000000000D+01,.197300000000D+04,.000000000000D+00,.000000000000D+00,.000000000000D+00,.232830643654D-08,.330000000000D+02,.395886000000D+06,.000000000000D+00
86,26,17 11 02 16 00 00.0,-.376249663532D-03,.130739863380D-10,.000000000000D+00,.340000000000D+02,-.109281250000D+03,.465912264259D-08,.167407087353D+01,-.560656189919D-05,.215783447493D-02,.639259815216D-05,.515355803680D+04,.403200000000D+06,.391155481339D-07,-.110548474301D+01,.484287738800D-07,.957510412518D+00,.253500000000D+03,-.878265663062D-01,-.836499129261D-08,-.511449875369D-09,.100000000000D+01,.197300000000D+04,.000000000000D+00,.000000000000D+00,.000000000000D+00,.745058059692D-08,.340000000000D+02,.396006000000D+06,.000000000000D+00
87,14,17 11 02 16 00 00.0,-.876747071743D-04,-.909494701773D-12,.000000000000D+00,.340000000000D+02,.887500000000D+02,.430732227440D-08,-.553834869217D+00,.457838177681D-05,.928527559154D-02,.126603990793D-04,.515372097778D+04,.403200000000D+06,-.372529029846D-07,-.310857954891D+01,.130385160446D-06,.962098133855D+00,.138781250000D+03,-.195006114943D+01,-.811390940547D-08,.103932900651D-09,.100000000000D+01,.197300000000D+04,.000000000000D+00,.000000000000D+00,.000000000000D+00,-.977888703346D-08,.340000000000D+02,.396006000000D+06,.000000000000D+00
88,32,17 11 02 16 00 00.0,-.519711058587D-03,-.363797880709D-11,.000000000000D+00,.125000000000D+03,.730000000000D+02,.432910889619D-08,.429022655887D+00,.374391674995D-05,.148196716327D-02,.132136046886D-04,.515361289406D+04,.403200000000D+06,.260770320892D-07,.309054466557D+01,.540167093277D-07,.958083889571D+00,.123343750000D+03,-.260589978550D+01,-.795890294883D-08,.214294640518D-11,.100000000000D+01,.197300000000D+04,.000000000000D+00,.000000000000D+00,.000000000000D+00,.465661287308D-09,.125000000000D+03,.396006000000D+06,.000000000000D+00
89,01,17 11 02 16 00 00.0,-.789109617472D-05,-.238742359215D-11,.000000000000D+00,.750000000000D+02,.438437500000D+02,.489056085435D-08,-.244110202145D+01,.211782753468D-05,.709992146585D-02,.489875674248D-05,.515366863632D+04,.403200000000D+06,.521540641785D-07,.100858859224D+01,-.152736902237D-06,.968738083487D+00,.289531250000D+03,.632309837031D+00,-.828213069827D-08,.512878506306D-09,.100000000000D+01,.197300000000D+04,.000000000000D+00,.000000000000D+00,.000000000000D+00,.558793544769D-08,.750000000000D+02,.396006000000D+06,.000000000000D+00
90,22,17 11 02 16 00 00.0,-.175677239895D-03,-.127329258248D-10,.000000000000D+00,.380000000000D+02,-.761875000000D+02,.576738309180D-08,-.893247089658D+00,-.391900539398D-05,.716085697059D-02,.728480517864D-05,.515368120575D+04,.403200000000D+06,-.106170773506D-06,.199980041386D+01,.596046447754D-07,.923892380969D+00,.218906250000D+03,-.166273446971D+01,-.885679749259D-08,-.598239204778D-09,.100000000000D+01,.197300000000D+04,.000000000000D+00,.000000000000D+00,.000000000000D+00,-.176951289177D-07,.380000000000D+02,.396006000000D+06,.000000000000D+00
91,27,17 11 02 16 00 00.0,.343741383404D-03,.386535248253D-11,.000000000000D+00,.320000000000D+02,-.112500000000D+01,.388837625219D-08,-.196075300763D+00,-.428408384323D-07,.501753843855D-02,.137165188789D-04,.515368134689D+04,.403200000000D+06,.614672899246D-07,-.479657498289D-01,.558793544769D-07,.976484477561D+00,.124593750000D+03,.377648930137D+00,-.777889545079D-08,.355729103259D-09,.100000000000D+01,.197300000000D+04,.000000000000D+00,.000000000000D+00,.000000000000D+00,.186264514923D-08,.320000000000D+02,.396006000000D+06,.000000000000D+00
92,16,17 11 02 15 59 44.0,.366359017789D-04,-.227373675443D-12,.000000000000D+00,.390000000000D+02,-.106625000000D+03,.386908973455D-08,.615628035882D+00,-.543147325516D-05,.936437188648D-02,.770390033722D-05,.515378922462D+04,.403184000000D+06,.204890966415D-07,-.101109339619D+01,.191852450371D-06,.988558584153D+00,.244375000000D+03,.456814781495D+00,-.800426198107D-08,-.552523014801D-09,.100000000000D+01,.197300000000D+04,.000000000000D+00,.000000000000D+00,.000000000000D+00,-.107102096081D-07,.390000000000D+02,.396006000000D+06,.000000000000D+00
93,03,17 11 02 16 00 00.0,-.477079302073D-04,.522959453519D-11,.000000000000D+00,.340000000000D+02,-.748437500000D+02,.481591488790D-08,.278799424736D+01,-.391714274883D-05,.108935730532D-02,.815093517303D-05,.515362421227D+04,.403200000000D+06,-.186264514923D-08,.205169085837D+01,-.223517417908D-07,.960023919364D+00,.220125000000D+03,.571835802616D+00,-.822248535666D-08,-.638240871008D-09,.100000000000D+01,.197300000000D+04,.000000000000D+00,.000000000000D+00,.000000000000D+00,.232830643654D-08,.340000000000D+02,.396006000000D+06,.000000000000D+00
94,31,17 11 02 16 00 00.0,.164758414030D-03,-.250111042988D-11,.000000000000D+00,.730000000000D+02,.680312500000D+02,.481127183736D-08,.297134978995D+01,.350549817085D-05,.869518087711D-02,.275298953056D-05,.515354408836D+04,.403200000000D+06,-.745058059692D-07,-.210687720465D+01,.242143869400D-07,.965286518458D+00,.332343750000D+03,-.230441290142D+00,-.842035074141D-08,.212508851847D-09,.100000000000D+01,.197300000000D+04,.000000000000D+00,.000000000000D+00,.000000000000D+00,-.135041773319D-07,.730000000000D+02,.396006000000D+06,.000000000000D+00
95,11,17 11 02 16 00 00.0,-.724488869309D-03,-.193267624127D-11,.000000000000D+00,.118000000000D+03,.833437500000D+02,.596274837240D-08,-.306938559778D+01,.416673719883D-05,.169795484981D-01,.779703259468D-05,.515373750496D+04,.403200000000D+06,.311061739922D-06,.595391010254D+00,.819563865662D-07,.902855003101D+00,.192531250000D+03,.171467944742D+01,-.858821487648D-08,.707886629177D-09,.100000000000D+01,.197300000000D+04,.000000000000D+00,.100000000000D+01,.000000000000D+00,-.121071934700D-07,.118000000000D+03,.396036000000D+06,.000000000000D+00
96,23,17 11 02 16 00 00.0,-.218481756747D-03,-.227373675443D-12,.000000000000D+00,.860000000000D+02,.663437500000D+02,.451447376024D-08,-.161348837837D+01,.326707959175D-05,.118606901960D-01,.133477151394D-04,.515366637802D+04,.403200000000D+06,.193715095520D-06,.308689755521D+01,-.130385160446D-06,.944482543318D+00,.110125000000D+03,-.241647848131D+01,-.787925677410D-08,.108218793461D-09,.100000000000D+01,.197300000000D+04,.000000000000D+00,.000000000000D+00,.000000000000D+00,-.204890966415D-07,.860000000000D+02,.399216000000D+06,.000000000000D+00
97,08,17 11 02 16 00 00.0,-.792024657130D-04,-.136424205266D-11,.000000000000D+00,.400000000000D+02,-.553125000000D+01,.402016745611D-08,.279623134512D+00,-.305473804474D-06,.279295386281D-02,.139418989420D-04,.515371880150D+04,.403200000000D+06,.260770320892D-07,-.547979971165D-01,-.428408384323D-07,.968330267277D+00,.112656250000D+03,-.632984593366D+00,-.780818238499D-08,.347514475373D-09,.100000000000D+01,.197300000000D+04,.000000000000D+00,.000000000000D+00,.000000000000D+00,.558793544769D-08,.400000000000D+02,.399906000000D+06,.000000000000D+00
98,09,17 11 02 16 00 00.0,.466366764158D-03,.500222085975D-11,.000000000000D+00,.168000000000D+03,.611562500000D+02,.434518099423D-08,-.121821035935D-01,.315159559250D-05,.960114644840D-03,.137090682983D-04,.515375767708D+04,.403200000000D+06,.186264514923D-08,.308657139469D+01,.130385160446D-07,.953637711410D+00,.109500000000D+03,.178076793906D+01,-.794318800852D-08,.221437795202D-10,.100000000000D+01,.197300000000D+04,.000000000000D+00,.100000000000D+01,.000000000000D+00,.931322574615D-09,.168000000000D+03,.402966000000D+06,.000000000000D+00
99,09,17 11 02 18 00 00.0,.466403085738D-03,.500222085975D-11,.000000000000D+00,.169000000000D+03,.689375000000D+02,.437768234804D-08,.103882301716D+01,.347942113876D-05,.959491590038D-03,.139847397804D-04,.515375588989D+04,.410400000000D+06,-.931322574615D-08,.308651416680D+01,-.260770320892D-07,.953637946940D+00,.104031250000D+03,.177989130734D+01,-.792247285994D-08,.317870383435D-10,.100000000000D+01,.197300000000D+04,.000000000000D+00,.100000000000D+01,.000000000000D+00,.931322574615D-09,.169000000000D+03,.403206000000D+06,.000000000000D+00
100,01,17 11 02 18 00 00.0,-.790785998106D-05,-.238742359215D-11,.000000000000D+00,.760000000000D+02,.417500000000D+02,.486627412842D-08,-.139090920497D+01,.215135514736D-05,.710008526221D-02,.469386577606D-05,.515366860771D+04,.410400000000D+06,.149011611938D-06,.100852901783D+01,-.912696123123D-07,.968741784669D+00,.290937500000D+03,.632303762995D+00,-.832034657583D-08,.496806408267D-09,.100000000000D+01,.197300000000D+04,.000000000000D+00,.000000000000D+00,.000000000000D+00,.558793544769D-08,.760000000000D+02,.403206000000D+06,.000000000000D+00
101,26,17 11 02 18 00 00.0,-.376155599952D-03,.130739863380D-10,.000000000000D+00,.350000000000D+02,-.986250000000D+02,.471448209139D-08,.272502233152D+01,-.512972474098D-05,.215880316682D-02,.608526170254D-05,.515355467415D+04,.410400000000D+06,-.260770320892D-07,-.110554512495D+01,.391155481339D-07,.957506989289D+00,.260875000000D+03,-.885238559682D-01,-.833106130786D-08,-.467162316328D-09,.100000000000D+01,.197300000000D+04,.000000000000D+00,.000000000000D+00,.000000000000D+00,.745058059692D-08,.350000000000D+02,.403206000000D+06,.000000000000D+00
102,08,17 11 02 18 00 00.0,-.792122446001D-04,-.136424205266D-11,.000000000000D+00,.610000000000D+02,-.562500000000D+00,.393087802256D-08,.132942086216D+01,-.279396772385D-07,.279370532371D-02,.135898590088D-04,.515372112083D+04,.410400000000D+06,.782310962677D-07,-.548538132929D-01,.707805156708D-07,.968333039506D+00,.120218750000D+03,-.632633522286D+00,-.772425031746D-08,.317156067966D-09,.100000000000D+01,.197300000000D+04,.000000000000D+00,.000000000000D+00,.000000000000D+00,.558793544769D-08,.610000000000D+02,.403206000000D+06,.000000000000D+00
103,22,17 11 02 18 00 00.0,-.175769440830D-03,-.127329258248D-10,.000000000000D+00,.390000000000D+02,-.733750000000D+02,.581417075498D-08,.156974676500D+00,-.374764204025D-05,.716086640023D-02,.728853046894D-05,.515368139267D+04,.410400000000D+06,-.391155481339D-07,.199973615080D+01,.204890966415D-07,.923888158987D+00,.221281250000D+03,-.166277099146D+01,-.890001357843D-08,-.556451749877D-09,.100000000000D+01,.197300000000D+04,.000000000000D+00,.000000000000D+00,.000000000000D+00,-.176951289177D-07,.390000000000D+02,.403206000000D+06,.000000000000D+00
104,27,17 11 02 18 00 00.0,.343769323081D-03,.386535248253D-11,.000000000000D+00,.330000000000D+02,-.625000000000D+00,.381658754762D-08,.854153516660D+00,-.763684511185D-07,.501785438973D-02,.134203583002D-04,.515368174171D+04,.410400000000D+06,-.298023223877D-07,-.480209530426D-01,.130385160446D-06,.976487154701D+00,.130375000000D+03,.377590681127D+00,-.768674875537D-08,.276797244002D-09,.100000000000D+01,.197300000000D+04,.000000000000D+00,.000000000000D+00,.000000000000D+00,.186264514923D-08,.330000000000D+02,.403206000000D+06,.000000000000D+00
105,23,17 11 02 18 00 00.0,-.218483153731D-03,-.227373675443D-12,.000000000000D+00,.920000000000D+02,.705000000000D+02,.466805158594D-08,-.563310287632D+00,.363588333130D-05,.118611225626D-01,.132415443659D-04,.515366658401D+04,.410400000000D+06,.558793544769D-07,.308684045898D+01,.217929482460D-06,.944481348113D+00,.115281250000D+03,-.241647074540D+01,-.824248618978D-08,-.114290474943D-10,.100000000000D+01,.197300000000D+04,.000000000000D+00,.000000000000D+00,.000000000000D+00,-.204890966415D-07,.920000000000D+02,.403206000000D+06,.000000000000D+00
106,11,17 11 02 17 59 44.0,-.724502839148D-03,-.193267624127D-11,.000000000000D+00,.310000000000D+02,.847812500000D+02,.592203239071D-08,-.202155913908D+01,.467151403427D-05,.169799743453D-01,.760890543461D-05,.515373698235D+04,.410384000000D+06,.238418579102D-06,.595329465290D+00,.296160578728D-06,.902859971170D+00,.197843750000D+03,.171467185780D+01,-.867571852136D-08,.706100840506D-09,.100000000000D+01,.197300000000D+04,.000000000000D+00,.000000000000D+00,.000000000000D+00,-.121071934700D-07,.310000000000D+02,.403206000000D+06,.000000000000D+00
107,03,17 11 02 18 00 00.0,-.476702116430D-04,.522959453519D-11,.000000000000D+00,.720000000000D+02,-.701250000000D+02,.483305845914D-08,-.244479438425D+01,-.364333391190D-05,.108875532169D-02,.822171568871D-05,.515362538338D+04,.410400000000D+06,.707805156708D-07,.205163122690D+01,-.577419996262D-07,.960019292154D+00,.219125000000D+03,.571652377559D+00,-.826998733531D-08,-.590738892360D-09,.100000000000D+01,.197300000000D+04,.000000000000D+00,.000000000000D+00,.000000000000D+00,.232830643654D-08,.720000000000D+02,.403206000000D+06,.000000000000D+00
108,16,17 11 02 18 00 00.0,.366345047951D-04,-.227373675443D-12,.000000000000D+00,.630000000000D+02,-.103125000000D+03,.394552148966D-08,.166816843503D+01,-.529550015926D-05,.936416606419D-02,.763870775700D-05,.515378743744D+04,.410400000000D+06,-.968575477600D-07,-.101115086985D+01,.132247805595D-06,.988554340228D+00,.250843750000D+03,.456714027401D+00,-.797068915405D-08,-.588238788221D-09,.100000000000D+01,.197300000000D+04,.000000000000D+00,.000000000000D+00,.000000000000D+00,-.107102096081D-07,.630000000000D+02,.403206000000D+06,.000000000000D+00
109,07,17 11 02 18 00 00.0,.284909270704D-03,-.511590769747D-11,.000000000000D+00,.430000000000D+02,.742812500000D+02,.489556106263D-08,-.203422824957D+01,.373087823391D-05,.110818479443D-01,.261701643467D-05,.515371066666D+04,.410400000000D+06,.316649675369D-07,-.211857859921D+01,-.150874257088D-06,.960587985465D+00,.329312500000D+03,-.254881167644D+01,-.842785105382D-08,.371801201298D-09,.100000000000D+01,.197300000000D+04,.000000000000D+00,.000000000000D+00,.000000000000D+00,-.111758708954D-07,.430000000000D+02,.403746000000D+06,.000000000000D+00
110,28,17 11 02 18 00 00.0,.659218057990D-03,.318323145621D-11,.000000000000D+00,.680000000000D+02,-.121531250000D+03,.386516099947D-08,.171793538958D+01,-.659935176373D-05,.199800245464D-01,.718794763088D-05,.515366480827D+04,.410400000000D+06,.242143869400D-06,-.100673750055D+01,-.448897480965D-06,.987386630239D+00,.254250000000D+03,-.155649801126D+01,-.787711382769D-08,-.508592613495D-09,.100000000000D+01,.197300000000D+04,.000000000000D+00,.100000000000D+01,.000000000000D+00,-.111758708954D-07,.680000000000D+02,.407976000000D+06,.000000000000D+00
111,09,17 11 02 19 59 44.0,.466439872980D-03,.500222085975D-11,.000000000000D+00,.400000000000D+02,.751562500000D+02,.435839583039D-08,.208529653558D+01,.380538403988D-05,.959311728366D-03,.135656446218D-04,.515375824928D+04,.417584000000D+06,-.223517417908D-07,.308645720077D+01,-.558793544769D-08,.953638103472D+00,.111312500000D+03,.178121327619D+01,-.793175896103D-08,.275011455331D-10,.100000000000D+01,.197300000000D+04,.000000000000D+00,.000000000000D+00,.000000000000D+00,.931322574615D-09,.400000000000D+02,.410406000000D+06,.000000000000D+00
112,28,17 11 02 20 00 00.0,.659241341054D-03,.318323145621D-11,.000000000000D+00,.690000000000D+02,-.123718750000D+03,.383444543433D-08,.276814910676D+01,-.626780092716D-05,.199799637776D-01,.738538801670D-05,.515366396904D+04,.417600000000D+06,.260770320892D-06,-.100679179091D+01,-.484287738800D-07,.987383460096D+00,.247031250000D+03,-.155653007257D+01,-.759460205995D-08,-.637169397806D-09,.100000000000D+01,.197300000000D+04,.000000000000D+00,.200000000000D+01,.000000000000D+00,-.111758708954D-07,.690000000000D+02,.410406000000D+06,.000000000000D+00
113,08,17 11 02 20 00 00.0,-.792220234871D-04,-.136424205266D-11,.000000000000D+00,.680000000000D+02,-.509375000000D+01,.396909390012D-08,.238013643339D+01,-.253319740295D-06,.279447797220D-02,.129882246256D-04,.515371784210D+04,.417600000000D+06,-.204890966415D-07,-.549088775294D-01,.111758708954D-07,.968335128553D+00,.132593750000D+03,-.633200901896D+00,-.768996317498D-08,.238224208709D-09,.100000000000D+01,.197300000000D+04,.000000000000D+00,.000000000000D+00,.000000000000D+00,.558793544769D-08,.680000000000D+02,.410406000000D+06,.000000000000D+00
114,11,17 11 02 20 00 00.0,-.724516808987D-03,-.193267624127D-11,.000000000000D+00,.320000000000D+02,.766875000000D+02,.607418158547D-08,-.969098499688D+00,.412389636040D-05,.169794373214D-01,.819377601147D-05,.515373608017D+04,.417600000000D+06,-.217929482460D-06,.595264621447D+00,.167638063431D-06,.902863234941D+00,.197687500000D+03,.171469766075D+01,-.913430905206D-08,.747173979938D-09,.100000000000D+01,.197300000000D+04,.000000000000D+00,.000000000000D+00,.000000000000D+00,-.121071934700D-07,.320000000000D+02,.410406000000D+06,.000000000000D+00
115,27,17 11 02 20 00 00.0,.343797262758D-03,.386535248253D-11,.000000000000D+00,.340000000000D+02,-.431250000000D+01,.380087260731D-08,.190443576717D+01,-.244006514549D-06,.501734996215D-02,.129975378513D-04,.515368053436D+04,.417600000000D+06,-.894069671631D-07,-.480760597037D-01,.335276126862D-07,.976488873630D+00,.136875000000D+03,.377480072817D+00,-.766746223772D-08,.233224000430D-09,.100000000000D+01,.197300000000D+04,.000000000000D+00,.000000000000D+00,.000000000000D+00,.186264514923D-08,.340000000000D+02,.410406000000D+06,.000000000000D+00
116,23,17 11 02 20 00 00.0,-.218484550714D-03,-.227373675443D-12,.000000000000D+00,.930000000000D+02,.647812500000D+02,.473912597505D-08,.486917280459D+00,.353716313839D-05,.118604736635D-01,.129360705614D-04,.515366536331D+04,.417600000000D+06,-.763684511185D-07,.308678104548D+01,.175088644028D-06,.944481171100D+00,.121875000000D+03,-.241651205820D+01,-.825212944860D-08,-.460733477113D-10,.100000000000D+01,.197300000000D+04,.000000000000D+00,.000000000000D+00,.000000000000D+00,-.204890966415D-07,.930000000000D+02,.410406000000D+06,.000000000000D+00
117,01,17 11 02 20 00 00.0,-.792508944869D-05,-.238742359215D-11,.000000000000D+00,.770000000000D+02,.385312500000D+02,.486484549748D-08,-.340656830181D+00,.213272869587D-05,.710032973439D-02,.475533306599D-05,.515366959381D+04,.417600000000D+06,.931322574615D-07,.100846886118D+01,.521540641785D-07,.968744628582D+00,.293375000000D+03,.632237298238D+00,-.844856620241D-08,.454304637897D-09,.100000000000D+01,.197300000000D+04,.000000000000D+00,.000000000000D+00,.000000000000D+00,.558793544769D-08,.770000000000D+02,.410406000000D+06,.000000000000D+00
118,07,17 11 02 20 00 00.0,.284872017801D-03,-.511590769747D-11,.000000000000D+00,.440000000000D+02,.691562500000D+02,.494699177635D-08,-.984005649545D+00,.360608100891D-05,.110819548136D-01,.258348882198D-05,.515371195984D+04,.417600000000D+06,.260770320892D-06,-.211863869296D+01,.279396772385D-07,.960589534696D+00,.328968750000D+03,-.254887410647D+01,-.861535886428D-08,.203222750758D-09,.100000000000D+01,.197300000000D+04,.000000000000D+00,.000000000000D+00,.000000000000D+00,-.111758708954D-07,.440000000000D+02,.410406000000D+06,.000000000000D+00
119,03,17 11 02 20 00 00.0,-.476320274174D-04,.522959453519D-11,.000000000000D+00,.730000000000D+02,-.636875000000D+02,.489948979770D-08,-.139611444451D+01,-.333040952682D-05,.108928175177D-02,.778213143349D-05,.515362208557D+04,.417600000000D+06,.111758708954D-07,.205157123263D+01,.484287738800D-07,.960015478327D+00,.229937500000D+03,.573186615820D+00,-.824820071352D-08,-.493234830925D-09,.100000000000D+01,.197300000000D+04,.000000000000D+00,.000000000000D+00,.000000000000D+00,.232830643654D-08,.730000000000D+02,.410406000000D+06,.000000000000D+00
120,22,17 11 02 20 00 00.0,-.175861176103D-03,-.127329258248D-10,.000000000000D+00,.400000000000D+02,-.712187500000D+02,.581202780857D-08,.120717815911D+01,-.378116965294D-05,.716022599954D-02,.709295272827D-05,.515368030357D+04,.417600000000D+06,-.150874257088D-06,.199967173120D+01,-.912696123123D-07,.923884707964D+00,.227093750000D+03,-.166278776089D+01,-.879715215098D-08,-.470376735936D-09,.100000000000D+01,.197300000000D+04,.000000000000D+00,.000000000000D+00,.000000000000D+00,-.176951289177D-07,.400000000000D+02,.410436000000D+06,.000000000000D+00
121,30,17 11 02 20 00 00.0,.130660831928D-03,-.250111042988D-11,.000000000000D+00,.680000000000D+02,.696562500000D+02,.528129141556D-08,-.968389515459D+00,.353902578354D-05,.303089001682D-02,.233203172684D-05,.515360687256D+04,.417600000000D+06,.242143869400D-07,-.208203325835D+01,-.968575477600D-07,.946247543740D+00,.326562500000D+03,-.305442916953D+01,-.876143637756D-08,.209651589973D-09,.100000000000D+01,.197300000000D+04,.000000000000D+00,.000000000000D+00,.000000000000D+00,.372529029846D-08,.680000000000D+02,.410616000000D+06,.000000000000D+00
122,17,17 11 02 19 59 44.0,-.147120561451D-03,.227373675443D-11,.000000000000D+00,.330000000000D+02,-.268750000000D+01,.362479384436D-08,.185001006953D+01,-.176951289177D-06,.120566791156D-01,.142529606819D-04,.515371479225D+04,.417584000000D+06,-.558793544769D-08,.477000970719D-02,-.294297933578D-06,.981657910335D+00,.112156250000D+03,-.183609633029D+01,-.752959935232D-08,.420374653149D-09,.100000000000D+01,.197300000000D+04,.000000000000D+00,.000000000000D+00,.000000000000D+00,-.111758708954D-07,.330000000000D+02,.411366000000D+06,.000000000000D+00
123,19,17 11 02 20 00 00.0,-.477815978229D-03,.216004991671D-11,.000000000000D+00,.670000000000D+02,.158750000000D+02,.375765652148D-08,-.144983017483D+01,.989064574242D-06,.987453653943D-02,.135619193316D-04,.515368978500D+04,.417600000000D+06,.223517417908D-06,.521936284284D-01,.132247805595D-06,.979018370171D+00,.121562500000D+03,.108825787614D+01,-.759353058674D-08,.463590738987D-09,.100000000000D+01,.197300000000D+04,.000000000000D+00,.000000000000D+00,.000000000000D+00,-.153668224812D-07,.670000000000D+02,.413676000000D+06,.000000000000D+00
124,13,17 11 02 20 00 00.0,-.935015268624D-04,-.454747350886D-12,.000000000000D+00,.690000000000D+02,.771562500000D+02,.414195824347D-08,.319183476393D+00,.412389636040D-05,.357931072358D-02,.132825225592D-04,.515367230606D+04,.417600000000D+06,.372529029846D-08,-.306819600986D+01,.353902578354D-07,.969570311250D+00,.126875000000D+03,.169791463591D+01,-.791961559806D-08,.198222542479D-09,.100000000000D+01,.197300000000D+04,.000000000000D+00,.100000000000D+01,.000000000000D+00,-.116415321827D-07,.690000000000D+02,.417276000000D+06,.000000000000D+00
125,09,17 11 02 22 00 00.0,.466476194561D-03,.500222085975D-11,.000000000000D+00,.410000000000D+02,.637187500000D+02,.451983112625D-08,.313927364463D+01,.333227217197D-05,.962163670920D-03,.127386301756D-04,.515375223351D+04,.424800000000D+06,.223517417908D-07,.308639967005D+01,.186264514923D-08,.953638396056D+00,.131406250000D+03,.177970014784D+01,-.795140263641D-08,.617882880159D-10,.100000000000D+01,.197300000000D+04,.000000000000D+00,.000000000000D+00,.000000000000D+00,.931322574615D-09,.410000000000D+02,.417606000000D+06,.000000000000D+00
126,17,17 11 02 22 00 00.0,-.147103797644D-03,.227373675443D-11,.000000000000D+00,.340000000000D+02,.218750000000D+01,.350014579512D-08,.290245017541D+01,.128522515297D-06,.120561644435D-01,.140480697155D-04,.515371611214D+04,.424800000000D+06,.763684511185D-07,.471735050801D-02,-.335276126862D-07,.981661532520D+00,.114781250000D+03,-.183605475270D+01,-.730601861072D-08,.335728270144D-09,.100000000000D+01,.197300000000D+04,.000000000000D+00,.000000000000D+00,.000000000000D+00,-.111758708954D-07,.340000000000D+02,.417606000000D+06,.000000000000D+00
127,28,17 11 02 22 00 00.0,.659264624119D-03,.318323145621D-11,.000000000000D+00,.960000000000D+02,-.112593750000D+03,.386873257681D-08,-.246489152419D+01,-.571645796299D-05,.199812598294D-01,.703707337379D-05,.515366141129D+04,.424800000000D+06,.214204192162D-06,-.100684714480D+01,.124797224998D-06,.987379469255D+00,.254062500000D+03,-.155649222688D+01,-.757817280417D-08,-.501092301077D-09,.100000000000D+01,.197300000000D+04,.000000000000D+00,.200000000000D+01,.000000000000D+00,-.111758708954D-07,.960000000000D+02,.417606000000D+06,.000000000000D+00
128,30,17 11 02 22 00 00.0,.130642671138D-03,-.250111042988D-11,.000000000000D+00,.690000000000D+02,.669375000000D+02,.532022160858D-08,.819162792504D-01,.336021184921D-05,.303115730640D-02,.219419598579D-05,.515360752678D+04,.424800000000D+06,.335276126862D-07,-.208209639204D+01,-.316649675369D-07,.946248778443D+00,.327406250000D+03,-.305450799302D+01,-.880500962114D-08,.186436337250D-09,.100000000000D+01,.197300000000D+04,.000000000000D+00,.100000000000D+01,.000000000000D+00,.372529029846D-08,.690000000000D+02,.417606000000D+06,.000000000000D+00
129,13,17 11 02 22 00 00.0,-.935047864914D-04,-.454747350886D-12,.000000000000D+00,.720000000000D+02,.902812500000D+02,.416267339206D-08,.136974858650D+01,.470317900181D-05,.357799115591D-02,.134836882353D-04,.515366870499D+04,.424800000000D+06,.186264514923D-08,-.306825307975D+01,-.800937414169D-07,.969572313984D+00,.122843750000D+03,.169753009619D+01,-.781925427475D-08,.248224625266D-09,.100000000000D+01,.197300000000D+04,.000000000000D+00,.100000000000D+01,.000000000000D+00,-.116415321827D-07,.720000000000D+02,.417606000000D+06,.000000000000D+00
130,11,17 11 02 22 00 00.0,-.724530778825D-03,-.193267624127D-11,.000000000000D+00,.330000000000D+02,.671250000000D+02,.602953686870D-08,.810086000248D-01,.347010791302D-05,.169790316140D-01,.804662704468D-05,.515373470306D+04,.424800000000D+06,-.292435288429D-06,.595199640088D+00,-.111758708954D-06,.902868282008D+00,.197062500000D+03,.171474502857D+01,-.912252284684D-08,.573952478853D-09,.100000000000D+01,.197300000000D+04,.000000000000D+00,.000000000000D+00,.000000000000D+00,-.121071934700D-07,.330000000000D+02,.417606000000D+06,.000000000000D+00
131,23,17 11 02 21 59 44.0,-.218486413360D-03,-.227373675443D-12,.000000000000D+00,.390000000000D+02,.565312500000D+02,.474912639161D-08,.153472556387D+01,.306591391563D-05,.118601787835D-01,.131130218506D-04,.515366594696D+04,.424784000000D+06,-.244006514549D-06,.308672165686D+01,.113621354103D-06,.944480822926D+00,.122625000000D+03,-.241646576416D+01,-.819284126472D-08,-.135719938995D-10,.100000000000D+01,.197300000000D+04,.000000000000D+00,.000000000000D+00,.000000000000D+00,-.204890966415D-07,.390000000000D+02,.417606000000D+06,.000000000000D+00
132,19,17 11 02 22 00 00.0,-.477800611407D-03,.216004991671D-11,.000000000000D+00,.700000000000D+02,.174687500000D+02,.372122643259D-08,-.399589932022D+00,.100210309029D-05,.987505353987D-02,.136960297823D-04,.515369148827D+04,.424800000000D+06,-.745058059692D-08,.521380902064D-01,.186264514923D-06,.979020810318D+00,.128031250000D+03,.108818258560D+01,-.778210987040D-08,.452518849226D-09,.100000000000D+01,.197300000000D+04,.000000000000D+00,.000000000000D+00,.000000000000D+00,-.153668224812D-07,.700000000000D+02,.417606000000D+06,.000000000000D+00
133,07,17 11 02 22 00 00.0,.284835230559D-03,-.511590769747D-11,.000000000000D+00,.450000000000D+02,.697500000000D+02,.506521098637D-08,.661398971179D-01,.368617475033D-05,.110817622626D-01,.259466469288D-05,.515371148491D+04,.424800000000D+06,.763684511185D-07,-.211870139948D+01,.106170773506D-06,.960590254451D+00,.326937500000D+03,-.254885834353D+01,-.876822237451D-08,.186079179516D-09,.100000000000D+01,.197300000000D+04,.000000000000D+00,.000000000000D+00,.000000000000D+00,-.111758708954D-07,.450000000000D+02,.417606000000D+06,.000000000000D+00
134,01,17 11 02 22 00 00.0,-.794185325503D-05,-.238742359215D-11,.000000000000D+00,.780000000000D+02,.472812500000D+02,.474019744825D-08,.709465087429D+00,.241585075855D-05,.710155733395D-02,.491924583912D-05,.515367206573D+04,.424800000000D+06,-.223517417908D-07,.100840879083D+01,.111758708954D-06,.968747909907D+00,.289593750000D+03,.632300101311D+00,-.836892002768D-08,.375015620906D-09,.100000000000D+01,.197300000000D+04,.000000000000D+00,.000000000000D+00,.000000000000D+00,.558793544769D-08,.780000000000D+02,.417606000000D+06,.000000000000D+00
135,06,17 11 02 22 00 00.0,.407935120165D-03,.193267624127D-11,.000000000000D+00,.320000000000D+02,.447812500000D+02,.472341103474D-08,.971179781536D+00,.242888927460D-05,.599374761805D-03,.496022403240D-05,.515376897621D+04,.424800000000D+06,-.111758708954D-07,.100005812089D+01,-.540167093277D-07,.968503984410D+00,.284625000000D+03,-.123958237534D+01,-.832641825731D-08,.501092301077D-09,.100000000000D+01,.197300000000D+04,.000000000000D+00,.000000000000D+00,.000000000000D+00,.465661287308D-08,.320000000000D+02,.418566000000D+06,.000000000000D+00
136,02,17 11 02 21 59 44.0,.290764030069D-03,-.954969436862D-11,.000000000000D+00,.290000000000D+02,.519687500000D+02,.529879214453D-08,.113092490596D+01,.263005495071D-05,.172138507478D-01,.562705099583D-05,.515360577011D+04,.424784000000D+06,-.316649675369D-06,.951624610322D+00,-.298023223877D-07,.947784691745D+00,.265375000000D+03,-.194266224375D+01,-.882072456144D-08,.437161066656D-09,.100000000000D+01,.197300000000D+04,.000000000000D+00,.000000000000D+00,.000000000000D+00,-.204890966415D-07,.290000000000D+02,.422736000000D+06,.000000000000D+00
137,03,17 11 02 22 00 00.0,-.475943088531D-04,.522959453519D-11,.000000000000D+00,.890000000000D+02,-.660312500000D+02,.482948688180D-08,-.345194038420D+00,-.338442623615D-05,.109017943032D-02,.745244324207D-05,.515362428665D+04,.424800000000D+06,-.372529029846D-08,.205151185864D+01,.242143869400D-07,.960011996582D+00,.238500000000D+03,.572480740292D+00,-.824070040111D-08,-.484663045304D-09,.100000000000D+01,.197300000000D+04,.000000000000D+00,.000000000000D+00,.000000000000D+00,.232830643654D-08,.890000000000D+02,.423726000000D+06,.000000000000D+00
138,17,17 11 03 00 00 00.0,-.147087033838D-03,.227373675443D-11,.000000000000D+00,.350000000000D+02,.250000000000D+01,.367122434980D-08,-.233065769126D+01,.108033418655D-06,.120592762250D-01,.131130218506D-04,.515371013641D+04,.432000000000D+06,.135973095894D-06,.466502485415D-02,-.968575477600D-07,.981663789803D+00,.138468750000D+03,-.183598229144D+01,-.732280502422D-08,.277154401736D-09,.100000000000D+01,.197300000000D+04,.000000000000D+00,.000000000000D+00,.000000000000D+00,-.111758708954D-07,.350000000000D+02,.424806000000D+06,.000000000000D+00
139,06,17 11 03 00 00 00.0,.407949090004D-03,.193267624127D-11,.000000000000D+00,.340000000000D+02,.458125000000D+02,.464162191361D-08,.202096536550D+01,.246241688728D-05,.599361956120D-03,.500306487083D-05,.515376935959D+04,.432000000000D+06,.502914190292D-07,.999998664975D+00,.204890966415D-07,.968507929900D+00,.285625000000D+03,-.123924431399D+01,-.823391440416D-08,.478234206089D-09,.100000000000D+01,.197300000000D+04,.000000000000D+00,.000000000000D+00,.000000000000D+00,.465661287308D-08,.340000000000D+02,.424806000000D+06,.000000000000D+00
140,28,17 11 03 00 00 00.0,.659287441522D-03,.318323145621D-11,.000000000000D+00,.980000000000D+02,-.103375000000D+03,.410624247005D-08,-.141471313355D+01,-.515952706337D-05,.199819988338D-01,.700354576111D-05,.515366066742D+04,.432000000000D+06,-.180676579475D-06,-.100690214906D+01,.508502125740D-06,.987373301593D+00,.258718750000D+03,-.155648569056D+01,-.807319342377D-08,-.609668252273D-09,.100000000000D+01,.197300000000D+04,.000000000000D+00,.200000000000D+01,.000000000000D+00,-.111758708954D-07,.980000000000D+02,.424806000000D+06,.000000000000D+00
141,30,17 11 02 23 59 44.0,.130624044687D-03,-.250111042988D-11,.000000000000D+00,.310000000000D+02,.745000000000D+02,.534022244170D-08,.112957117131D+01,.395067036152D-05,.303190178238D-02,.223331153393D-05,.515360947037D+04,.431984000000D+06,.670552253723D-07,-.208215962082D+01,-.186264514923D-07,.946250134568D+00,.326125000000D+03,-.305426996016D+01,-.880393814793D-08,.196436753808D-09,.100000000000D+01,.197300000000D+04,.000000000000D+00,.000000000000D+00,.000000000000D+00,.372529029846D-08,.310000000000D+02,.424806000000D+06,.000000000000D+00
142,13,17 11 02 23 59 44.0,-.935080461204D-04,-.454747350886D-12,.000000000000D+00,.310000000000D+02,.921562500000D+02,.403695386962D-08,.241740641610D+01,.463053584099D-05,.357799464837D-02,.132974237204D-04,.515366988754D+04,.431984000000D+06,.428408384323D-07,-.306830852435D+01,.298023223877D-07,.969574419123D+00,.128406250000D+03,.169771867218D+01,-.771210695450D-08,.210008747707D-09,.100000000000D+01,.197300000000D+04,.000000000000D+00,.000000000000D+00,.000000000000D+00,-.116415321827D-07,.310000000000D+02,.424806000000D+06,.000000000000D+00
143,03,17 11 03 00 00 00.0,-.475565902889D-04,.522959453519D-11,.000000000000D+00,.900000000000D+02,-.693437500000D+02,.478984237330D-08,.705290894997D+00,-.376626849174D-05,.108979409561D-02,.727176666260D-05,.515362347221D+04,.432000000000D+06,-.242143869400D-07,.205145253439D+01,.130385160446D-07,.960008498744D+00,.241593750000D+03,.572208998870D+00,-.824034324337D-08,-.491806199988D-09,.100000000000D+01,.197300000000D+04,.000000000000D+00,.100000000000D+01,.000000000000D+00,.232830643654D-08,.900000000000D+02,.424806000000D+06,.000000000000D+00
144,07,17 11 03 00 00 00.0,.284798443317D-03,-.511590769747D-11,.000000000000D+00,.460000000000D+02,.798437500000D+02,.503663836763D-08,.111619939201D+01,.431761145592D-05,.110834513325D-01,.328384339809D-05,.515371536255D+04,.432000000000D+06,.745058059692D-08,-.211876424352D+01,.169500708580D-06,.960591509635D+00,.316812500000D+03,-.254875753970D+01,-.873500670523D-08,.173578658819D-09,.100000000000D+01,.197300000000D+04,.000000000000D+00,.000000000000D+00,.000000000000D+00,-.111758708954D-07,.460000000000D+02,.424806000000D+06,.000000000000D+00
145,19,17 11 03 00 00 00.0,-.477785710245D-03,.216004991671D-11,.000000000000D+00,.108000000000D+03,.484375000000D+01,.378551482474D-08,.650607916888D+00,.400468707085D-06,.987239088863D-02,.131279230118D-04,.515368635559D+04,.432000000000D+06,-.255182385445D-06,.520837252448D-01,-.204890966415D-07,.979023512328D+00,.142125000000D+03,.108815006639D+01,-.768782022857D-08,.200008331150D-09,.100000000000D+01,.197300000000D+04,.000000000000D+00,.000000000000D+00,.000000000000D+00,-.153668224812D-07,.108000000000D+03,.424806000000D+06,.000000000000D+00
146,02,17 11 03 00 00 00.0,.290695112199D-03,-.954969436862D-11,.000000000000D+00,.300000000000D+02,.520625000000D+02,.503520973670D-08,.218345777401D+01,.248849391937D-05,.172136857873D-01,.515580177307D-05,.515360670280D+04,.432000000000D+06,.143423676491D-06,.951561995965D+00,-.359490513802D-06,.947790692635D+00,.269437500000D+03,-.194263378121D+01,-.826820154664D-08,.541093967307D-09,.100000000000D+01,.197300000000D+04,.000000000000D+00,.000000000000D+00,.000000000000D+00,-.204890966415D-07,.300000000000D+02,.424806000000D+06,.000000000000D+00
147,24,17 11 03 00 00 00.0,-.417330302298D-04,-.454747350886D-12,.000000000000D+00,.370000000000D+02,.981875000000D+02,.542879755978D-08,.206114366446D+01,.509060919285D-05,.617805414367D-02,.312365591526D-05,.515366867447D+04,.432000000000D+06,-.176951289177D-06,-.217499072162D+01,.111758708954D-07,.943693072261D+00,.309625000000D+03,.473235811645D+00,-.878393731482D-08,.398230873629D-09,.100000000000D+01,.197300000000D+04,.000000000000D+00,.000000000000D+00,.000000000000D+00,.279396772385D-08,.370000000000D+02,.427266000000D+06,.000000000000D+00
148,05,17 11 03 00 00 00.0,-.239764340222D-04,.125055521494D-11,.000000000000D+00,.460000000000D+02,-.669687500000D+02,.508378318855D-08,-.158676400887D+01,-.362098217010D-05,.526360108051D-02,.692903995514D-05,.515357965660D+04,.432000000000D+06,.614672899246D-07,.203245108937D+01,-.372529029846D-08,.946920686476D+00,.232218750000D+03,.620318326794D+00,-.837392023596D-08,-.463233581252D-09,.100000000000D+01,.197300000000D+04,.000000000000D+00,.000000000000D+00,.000000000000D+00,-.107102096081D-07,.460000000000D+02,.428196000000D+06,.000000000000D+00
149,12,17 11 03 00 00 00.0,.366488937289D-03,-.159161572810D-11,.000000000000D+00,.420000000000D+02,-.109687500000D+03,.411124267833D-08,.520517126473D+00,-.573135912418D-05,.656138337217D-02,.688992440701D-05,.515369714165D+04,.432000000000D+06,-.242143869400D-07,-.103021310643D+01,.968575477600D-07,.988073230359D+00,.260250000000D+03,.909231561647D+00,-.813605318499D-08,-.656098757718D-09,.100000000000D+01,.197300000000D+04,.000000000000D+00,.000000000000D+00,.000000000000D+00,-.125728547573D-07,.420000000000D+02,.431526000000D+06,.000000000000D+00
